commit Id,Date,filename,CyclomaticComplexity,ExcessiveClassLength,ExcessiveMethodLength,ExcessiveParameterList,NPathComplexity,CouplingBetweenObjects,EmptyCatchBlock,DepthOfInheritance,GotoStatement,Effective Commit
e5c5737a6af58c9a82a014ddbd3be3ea6bf5b738,"04/29/2010, 13:23:10",file_ 1,2,0,1,0,2,0,0,0,0,1
940a4a5178e005deb06c1962fc22ef4a69b74cea,"04/29/2010, 12:30:44",file_ 1,0,0,0,0,0,0,0,0,0,2
d19a7378115e5de11b694ac40531ab662d074055,"06/12/2010, 14:25:54",file_ 1,2,0,2,0,2,0,0,0,0,3
05fdb0dc1714d94e883291ecaa3265833570a103,"08/10/2010, 07:53:04",file_ 1,4,0,2,0,4,0,0,0,0,4
a898797ae027a5a88a9d4f29565b6b7af53dd415,"01/12/2011, 07:43:16",file_ 1,1,0,1,0,1,0,0,0,0,13
4155f865fa716a23ac4968bc4a08d996e9ebd590,"01/14/2011, 23:20:06",file_ 1,2,0,1,0,2,0,0,0,0,15
c6e89a3788b3b43549c2a940205963761fce904e,"03/16/2011, 19:02:32",file_ 1,1,0,1,0,1,0,0,0,0,17
89f027e731b5e7bc30f4ebee7672ce2d66746b0b,"04/01/2011, 02:38:07",file_ 1,2,0,1,0,2,0,0,0,0,18
d5fa510ebebaa3ac14b99f04443f991ac5269901,"04/26/2011, 18:17:33",file_ 1,1,0,1,0,1,0,0,0,0,20
8289838febdee7e5dc133cb6e0520ad63c333db1,"06/21/2011, 17:09:52",file_ 1,2,0,1,0,2,0,0,0,0,21
896d2cb0ef3572bda0c0f27cbb55d1f095de5354,"10/04/2011, 09:58:19",file_ 1,2,0,1,0,1,0,0,0,0,23
ba694d067362f905444dfa75867cc08485fae50b,"01/27/2012, 12:28:08",file_ 1,3,0,1,0,1,0,0,0,0,34
9b5b185ea560f397b8425cca7e1ca57ebfd9139f,"01/30/2012, 10:57:14",file_ 1,2,0,1,0,1,0,0,0,0,35
35d71ac652f7ff846e56e543c2afadd31520b974,"01/30/2012, 19:04:36",file_ 1,3,0,1,0,1,0,0,0,0,36
901b79d7f0858b9a22a5e1d83ab46db6f9116d0c,"02/11/2012, 15:31:07",file_ 1,3,0,1,0,2,0,0,0,0,39
1e81d5ba6922d58c3eef01fb8bd0542af3fb50ca,"04/18/2012, 01:17:07",file_ 1,2,0,1,0,2,0,0,0,0,42
b7b6417c82217a9acf116c5031cb248634f22f93,"11/14/2012, 13:29:51",file_ 1,3,0,1,0,2,0,0,0,0,49
690f833106e770edb20a01f3c4287db7f898712c,"01/07/2013, 12:40:58",file_ 1,2,0,1,0,2,0,0,0,0,53
3341e509447dfce47a28046261b2ad02c0891483,"01/07/2013, 12:54:30",file_ 1,3,0,1,0,2,0,0,0,0,54
6bf0401885a6f4a2496f2ff0dd85265f3275da9f,"01/09/2013, 04:44:20",file_ 1,2,0,1,0,2,0,0,0,0,55
03064bd674c3de6abc66fed9828eb3ad2eb34dc1,"01/10/2013, 06:13:55",file_ 1,3,0,1,0,2,0,0,0,0,56
d825b8b6b11fc9e1475d912ee55dcdecc4ab03cc,"07/10/2013, 11:09:48",file_ 1,3,0,1,1,2,0,0,0,0,61
f7e4adfef7b4c8d8dc3feb0f9c746c376b41e039,"07/23/2013, 03:23:04",file_ 1,2,0,1,0,2,0,0,0,0,62
c81ac15ce094a1a51afacfc4aa404d6e0b38e816,"11/06/2013, 20:45:50",file_ 1,3,0,1,2,2,0,0,0,0,63
9f3e331a5a1320fca6db374ac4d2af756693e33f,"11/11/2013, 15:54:31",file_ 1,3,1,1,2,2,0,0,0,0,64
e5c5737a6af58c9a82a014ddbd3be3ea6bf5b738,"04/29/2010, 13:23:10",file_ 2,2,0,0,0,2,0,0,0,0,1
940a4a5178e005deb06c1962fc22ef4a69b74cea,"04/29/2010, 12:30:44",file_ 2,0,0,0,0,0,0,0,0,0,2
d19a7378115e5de11b694ac40531ab662d074055,"06/12/2010, 14:25:54",file_ 2,4,0,0,0,4,0,0,0,0,3
7d797e87e1ed327f03013a5d0ae3a75039cc2a1b,"05/05/2010, 18:33:34",file_ 3,5,0,2,0,4,1,0,0,0,1
0793007ee483894947374c7536e9c63c69d1dae0,"06/12/2010, 10:55:44",file_ 3,10,0,4,0,8,2,0,0,0,3
983eaa87f222e64063c00e329691c1c353683994,"01/16/2011, 06:43:58",file_ 3,5,0,2,0,3,1,0,0,0,16
92a8006cab9825bd428aa9401386b73be97975a5,"01/14/2013, 21:06:42",file_ 3,5,0,1,0,3,1,0,0,0,42
af470defe96b1b68cd9d8d2927eccb6739a57571,"09/23/2013, 13:37:30",file_ 3,5,0,2,0,3,1,0,0,0,51
aeab2e4368cade29c7342eb73d052a198a6ba3ad,"01/03/2014, 17:36:23",file_ 3,5,0,1,0,3,1,0,0,0,52
205e00844d1d9cf4cd4545c4cc45f1121a6b0824,"01/09/2014, 08:11:47",file_ 3,5,0,2,0,3,1,0,0,0,53
af5610d2aa0a3a223dc2fa3ef9ae4071ebb1fac4,"01/12/2014, 01:26:16",file_ 3,5,1,1,0,3,1,0,0,0,54
fc6fe63d01350a47ab13caf34d044049f55ba61d,"05/08/2010, 12:50:23",file_ 4,1,0,1,0,1,0,0,0,0,1
d19a7378115e5de11b694ac40531ab662d074055,"06/12/2010, 14:25:54",file_ 4,2,0,2,0,2,0,0,0,0,2
f0d9cdd35d83fd081c218fdec17edaf9e4f868f7,"07/07/2010, 12:42:23",file_ 4,1,0,1,0,1,0,0,0,0,4
db5adbbc8421bbcfdc9ebcd9e0993976fa2503fa,"01/18/2014, 11:52:34",file_ 4,0,0,0,0,0,0,0,0,0,23
fc6fe63d01350a47ab13caf34d044049f55ba61d,"05/08/2010, 12:50:23",file_ 5,1,0,0,0,1,1,0,0,0,1
d19a7378115e5de11b694ac40531ab662d074055,"06/12/2010, 14:25:54",file_ 5,2,0,0,0,2,2,0,0,0,2
19feb8e3cd6c88dab46aebbd053fa26ecb8e3ea7,"07/06/2010, 19:08:38",file_ 5,1,0,0,0,1,1,0,0,0,4
3887159a5e9b849086c900266aac3f899111444a,"10/17/2010, 12:28:21",file_ 5,1,0,1,0,1,1,0,0,0,9
366a3c497bfb1d81d9cb75e5b650c2f1fe04deea,"07/29/2013, 14:45:35",file_ 5,1,1,1,0,1,1,0,0,0,50
5fa672603c1fd992ae606dfeb2fccef28c9dfdcf,"01/03/2014, 10:56:51",file_ 5,2,1,1,0,1,1,0,0,0,54
205e00844d1d9cf4cd4545c4cc45f1121a6b0824,"01/09/2014, 08:11:47",file_ 5,1,0,1,0,1,1,0,0,0,59
1963607046605df55e2cec4378792991328f050d,"01/17/2014, 16:25:54",file_ 5,2,1,1,0,1,1,0,0,0,60
a285a212496700d5d6c3b5fa369b8d912f05dd1e,"01/23/2014, 20:50:59",file_ 5,1,0,1,0,1,1,0,0,0,62
fc6fe63d01350a47ab13caf34d044049f55ba61d,"05/08/2010, 12:50:23",file_ 6,1,0,0,0,0,1,0,0,0,1
6e92411c172f8a109fb7d72112610f9a128d0b21,"05/30/2010, 16:47:23",file_ 6,2,0,0,0,0,2,0,0,0,3
d19a7378115e5de11b694ac40531ab662d074055,"06/12/2010, 14:25:54",file_ 6,1,0,0,0,0,1,0,0,0,4
df26577ad6cd4b45c882cf1afa64bec04956b736,"06/15/2010, 09:19:30",file_ 6,2,0,0,0,0,2,0,0,0,5
f0d9cdd35d83fd081c218fdec17edaf9e4f868f7,"07/07/2010, 12:42:23",file_ 6,1,0,0,0,0,1,0,0,0,6
07c4fdcf4e92d22076673c234a28ca1bae048506,"01/07/2011, 10:37:17",file_ 6,1,0,1,0,0,1,0,0,0,13
bb1bb2b5e2aae16ee690ac19815a061536f9fca3,"01/08/2011, 13:58:41",file_ 6,2,0,1,0,1,1,0,0,0,15
26999e577866feba0753e7f186c6b927f1d86b11,"07/01/2013, 23:07:48",file_ 6,2,0,0,0,1,1,0,0,0,42
052a1ccf7152c94a585f9399badcc9c0c507f8b3,"10/18/2013, 11:39:20",file_ 6,2,0,0,0,0,1,0,0,0,44
5fa672603c1fd992ae606dfeb2fccef28c9dfdcf,"01/03/2014, 10:56:51",file_ 6,2,0,0,0,1,1,0,0,0,48
205e00844d1d9cf4cd4545c4cc45f1121a6b0824,"01/09/2014, 08:11:47",file_ 6,2,0,1,0,1,1,0,0,0,51
30d59c8acb172af422108931aa7158300964a3b2,"05/17/2010, 07:54:49",file_ 7,2,0,1,0,1,0,0,0,0,1
d19a7378115e5de11b694ac40531ab662d074055,"06/12/2010, 14:25:54",file_ 7,4,0,0,0,2,0,0,0,0,4
f152ceabb41aeeda2d8d72422dd7281c6e59121e,"06/15/2010, 11:08:25",file_ 7,4,0,2,0,2,0,0,0,0,5
a68030ed4dda78aadfd50844303aae0aad9db864,"07/06/2010, 11:31:35",file_ 7,4,0,0,0,2,0,0,0,0,8
875096cc89e46c342c019e17076db2b9737d18dd,"07/06/2010, 11:36:21",file_ 7,4,0,2,0,2,0,0,0,0,9
502ab483de52eb79c14d12b1d97390762301d3bb,"07/17/2010, 15:07:51",file_ 7,3,0,1,0,1,0,0,0,0,12
6f2b9a9795766f382bc7a9a7f100322649575d5b,"07/17/2010, 15:22:44",file_ 7,2,0,1,0,1,0,0,0,0,13
c2580fd612016041907066b10b88b867929f6e2f,"01/17/2011, 10:11:38",file_ 7,3,0,1,0,2,0,0,0,0,19
bc4400c25a2b76ec18bc6ef600ca00e5dcdb0e94,"01/22/2011, 07:12:40",file_ 7,2,0,1,0,1,0,0,0,0,24
dbe9633f6c5fd15880146afdbe7cd706b9599364,"02/03/2011, 10:35:45",file_ 7,3,0,1,0,2,0,0,0,0,25
248d03d43242cfe350dbce5d1ea3dc3da4d97c40,"05/21/2011, 12:21:09",file_ 7,4,0,1,0,2,0,0,0,0,30
f7e1d94d596f34d054f92abb7157ef360fa60b12,"09/04/2011, 14:30:16",file_ 7,4,0,1,0,3,0,0,0,0,33
14c3080f5242c509f7b30e1f1adc0993187399c2,"09/11/2011, 08:11:18",file_ 7,4,0,1,0,2,0,0,0,0,35
132e932ead1d704823cc638919c43401448ceaf7,"09/30/2011, 10:50:33",file_ 7,4,0,1,0,3,0,0,0,0,36
b2efc2a7425847d4b0e3043985c0344415dbd110,"10/04/2011, 21:12:05",file_ 7,4,0,1,0,2,0,0,0,0,38
e50646af2ca88cc5894ecf158dce6fcab49088d0,"11/08/2011, 10:11:03",file_ 7,5,0,1,0,2,0,0,0,0,44
47c5f6d127fe6cffc7d82274ba425e745cb7b4bd,"02/09/2012, 17:21:19",file_ 7,5,0,2,0,2,0,0,0,0,53
5786e50b3878cba88932b10e6a48c75723950707,"04/30/2012, 12:02:38",file_ 7,5,0,1,0,2,0,0,0,0,55
dd560a3c18ee5072507a6c3a982e53eeba8bd5b5,"06/22/2012, 10:01:38",file_ 7,6,0,1,0,2,0,0,0,0,56
336c3ed85e08bd8d38279d2a0be82d47c8d53b4d,"09/17/2012, 11:36:41",file_ 7,6,0,2,0,2,0,0,0,0,57
94e57e6da1abc8433e19d689efa1a66f8d58c4d2,"05/16/2013, 23:32:41",file_ 7,6,0,2,0,3,0,0,0,0,67
62f0c69bd628804cfe04da7e8e40e35a083bdde4,"05/17/2010, 08:15:28",file_ 8,2,0,2,0,2,1,0,0,0,1
d19a7378115e5de11b694ac40531ab662d074055,"06/12/2010, 14:25:54",file_ 8,4,0,4,0,4,2,0,0,0,2
0f2b39e72cdd2d94fcde147be749ecd88de5ceb6,"05/18/2010, 09:13:08",file_ 9,1,1,0,0,0,1,0,0,0,1
df26577ad6cd4b45c882cf1afa64bec04956b736,"06/15/2010, 09:19:30",file_ 9,2,2,0,0,0,2,0,0,0,3
f0d9cdd35d83fd081c218fdec17edaf9e4f868f7,"07/07/2010, 12:42:23",file_ 9,1,1,0,0,0,1,0,0,0,4
1dbe9cf8b199097704b478fd2473dab8d551b2dd,"11/14/2012, 17:54:09",file_ 9,1,1,0,0,0,1,1,0,0,47
1fb69e5bcce03a78c6dec0b6dca997afdb3e1328,"11/15/2012, 16:57:34",file_ 9,1,1,0,0,0,1,0,0,0,48
8d446641c092b9a4d168ab006fa49d133683fb03,"03/13/2013, 13:49:18",file_ 9,2,1,0,0,0,1,1,0,0,50
aa917f13818245b0492ca5e0bb026081a2104dca,"05/04/2013, 06:44:49",file_ 9,1,1,0,0,0,1,0,0,0,55
b63b9780f8b6ff3bf9e4ce95c911df2fdd4c035d,"05/17/2013, 01:17:13",file_ 9,2,1,0,0,0,1,1,0,0,59
8422e33d9a001c804917d1ba8b9686699c1309ed,"06/01/2013, 12:06:01",file_ 9,1,1,0,0,0,1,0,0,0,61
76b314a342226a4c214c466b1bd3af32fd11fbb0,"06/01/2013, 12:07:23",file_ 9,2,1,0,0,0,1,1,0,0,62
1997df8b773d4d6984682732f2dd6e69a40b940a,"06/29/2013, 23:52:46",file_ 9,1,1,0,0,0,1,0,0,0,63
672d9c912be0962832a91bd6fda3403bebfe38ce,"10/30/2013, 06:59:13",file_ 9,2,1,0,0,0,1,1,0,0,64
205e00844d1d9cf4cd4545c4cc45f1121a6b0824,"01/09/2014, 08:11:47",file_ 9,1,1,0,0,0,1,0,0,0,73
c8629d05f2dfd608d3ac7dc62cb6db1534a7bdb4,"01/17/2014, 14:51:13",file_ 9,2,1,0,0,0,1,1,0,0,74
a285a212496700d5d6c3b5fa369b8d912f05dd1e,"01/23/2014, 20:50:59",file_ 9,1,1,0,0,0,1,0,0,0,76
0f2b39e72cdd2d94fcde147be749ecd88de5ceb6,"05/18/2010, 09:13:08",file_ 10,4,1,2,0,3,1,3,0,0,1
bd39228938743e7fee61649bb4b27d0f987d5b92,"05/31/2010, 12:14:42",file_ 10,6,2,4,0,4,2,6,0,0,2
d19a7378115e5de11b694ac40531ab662d074055,"06/12/2010, 14:25:54",file_ 10,8,2,4,0,6,2,6,0,0,5
a795af49d9e9608d75594c95ed3162aacea93f48,"06/15/2010, 11:20:07",file_ 10,6,2,4,0,4,2,6,0,0,6
a45c6679c83080778b411b88786a5835d4eaad3f,"07/02/2010, 10:24:12",file_ 10,8,2,4,0,6,2,6,0,0,7
f0d9cdd35d83fd081c218fdec17edaf9e4f868f7,"07/07/2010, 12:42:23",file_ 10,6,2,4,0,4,2,6,0,0,8
c41f8d696b1c4f6e653b25479ef01ce796d59be2,"10/29/2010, 12:15:56",file_ 10,3,1,1,0,1,1,3,0,0,22
092a725e0cf78081c0818732d3d1d86b275118ea,"01/11/2011, 08:21:52",file_ 10,4,1,1,0,1,1,3,0,0,30
0b85d08c39ce689bc7320ebc03e7e5a4bfdbcbac,"01/14/2011, 13:36:11",file_ 10,3,1,1,0,1,1,3,0,0,32
6d83db502c9efd38f7df1a6ca90c20436f8105cc,"03/05/2011, 08:59:33",file_ 10,4,1,1,0,1,1,3,0,0,34
db090b08dc0247a82f5559c417ede1d33512232f,"04/14/2011, 02:01:06",file_ 10,4,1,1,0,1,1,4,0,0,38
03e615de76f59ac15725cb4faec2941b92355f66,"06/14/2011, 17:00:30",file_ 10,4,1,1,0,1,1,3,0,0,40
7b37221b785dd5aeda8794e8ffdcbfd8cf3aad7b,"06/14/2011, 17:04:40",file_ 10,4,1,2,0,2,1,3,0,0,41
98b94ac5d3ca840c7b647d3f619d47227df215cf,"06/14/2011, 12:41:29",file_ 10,4,1,1,0,1,1,3,0,0,44
a077184d1db78e255fb6602351ecc8f1ed0fdc10,"08/29/2011, 07:53:47",file_ 10,4,1,1,0,1,1,4,0,0,46
01b6af343a6b421a58272806c756ecb8d01b94f0,"12/14/2011, 22:13:12",file_ 10,4,1,2,0,1,1,4,0,0,64
7a2e6e470b2f8011e59d6ef80f4cf9063d9fa789,"12/15/2011, 10:34:49",file_ 10,4,1,1,0,1,1,4,0,0,65
d368bf82160eced48e8a56ee44fd437cba3cfe87,"12/16/2011, 17:33:30",file_ 10,4,1,2,0,1,1,4,0,0,66
a98b7660774b51bed6ca0870ad1e047351aa0c7f,"12/20/2011, 10:22:06",file_ 10,4,1,1,0,1,1,4,0,0,67
ba09f2115bdcacab10ea855624eab02a464dc9c4,"12/20/2011, 11:28:29",file_ 10,4,1,2,0,1,1,4,0,0,68
af0bdd624557fe15f7731ec1101daff0b1214771,"12/20/2011, 14:28:44",file_ 10,4,1,1,0,1,1,4,0,0,70
37cacc915e512f640fefa9c6422d503f3c59455e,"12/27/2011, 10:21:52",file_ 10,4,1,2,0,1,1,4,0,0,73
19e689192857a7293f96a9a54c522007280d337e,"12/27/2011, 10:52:44",file_ 10,4,1,2,0,2,1,4,0,0,74
aae6c3808b9c4bee416657298fa90865d6898d60,"01/01/2012, 11:21:16",file_ 10,4,1,1,0,1,1,4,0,0,76
6acd28ee691589c3d4f2b015846647abce9760de,"01/19/2012, 08:09:49",file_ 10,4,1,1,0,2,1,4,0,0,77
4e5fbcb7c0d2e5d0f8ccfb090d91c24a682c0aa5,"01/31/2012, 08:06:42",file_ 10,4,1,2,0,3,1,4,0,0,79
22a704d05f9ebed2d29d611742cdc76efa745319,"02/19/2012, 00:12:02",file_ 10,5,1,2,0,3,1,4,0,0,80
1d723d0bf9b379101c898954dc8f373fea87885f,"03/24/2012, 12:38:48",file_ 10,4,1,1,0,2,1,4,0,0,81
5786e50b3878cba88932b10e6a48c75723950707,"04/30/2012, 12:02:38",file_ 10,5,1,2,0,3,1,4,0,0,82
01e5c98031086d5dfe299a98c534141eb5ce4d40,"05/03/2012, 11:48:58",file_ 10,4,1,2,0,3,1,4,0,0,83
ae046613ba9419e854f57bd56f69e832ab50ea74,"05/26/2012, 18:09:06",file_ 10,5,1,2,0,3,1,4,0,0,84
7ad180900e2eff0cf0cf841600f6b5150b728d91,"08/03/2012, 11:18:58",file_ 10,4,1,1,0,2,1,4,0,0,85
d8231102fe4db1b2c776b55804a51319152de9b6,"08/31/2012, 17:00:07",file_ 10,5,1,2,0,3,1,4,0,0,86
2d5f2a16869a54a0781fc2e3546b63c471fcc817,"02/21/2013, 01:01:38",file_ 10,5,1,2,0,4,1,4,0,0,94
b9ea952d0ffc502a83442cd328c756148cf023f4,"03/05/2013, 16:27:27",file_ 10,5,1,2,0,3,1,4,0,0,95
6755f060ede7ba242be64271c944b17472a71e0d,"03/05/2013, 16:33:11",file_ 10,5,1,2,0,4,1,4,0,0,96
d2fac9838fdb4a81fffc60da878636e2c220e225,"03/05/2013, 22:13:36",file_ 10,5,1,2,0,3,1,4,0,0,97
8c3ef881740a426cf66026f13d83c0ffc57b82dd,"03/08/2013, 11:30:34",file_ 10,5,1,2,0,4,1,4,0,0,98
a2903c3f01b4eb55e117b8d7f64322a79be0d69c,"05/22/2013, 18:26:25",file_ 10,5,1,2,0,3,1,4,0,0,103
d1efb5146a93d264d82b6304b7961451188b4a15,"07/09/2013, 18:10:38",file_ 10,5,1,2,0,4,1,4,0,0,104
fbd4d588cd29eaa5b4013ec83704352c6bf616b2,"08/09/2013, 08:55:12",file_ 10,5,1,2,0,3,1,4,0,0,106
c07b181876b6bb688cd49956a79d83857179cba2,"09/04/2013, 00:29:36",file_ 10,5,1,2,0,4,1,3,0,0,107
ea9d5183f9e1762f15cb2f113901362d23004364,"11/03/2013, 17:41:44",file_ 10,5,1,2,0,3,1,4,0,0,109
4b2391e18af426b11cf5546f332365b646123e24,"12/31/2013, 10:10:55",file_ 10,5,1,2,0,4,1,3,0,0,111
205e00844d1d9cf4cd4545c4cc45f1121a6b0824,"01/09/2014, 08:11:47",file_ 10,5,1,2,0,3,1,4,0,0,114
af5610d2aa0a3a223dc2fa3ef9ae4071ebb1fac4,"01/12/2014, 01:26:16",file_ 10,5,1,2,0,4,1,3,0,0,115
4adb118251a140202f62efbd57ed31a38b653571,"02/17/2014, 11:33:15",file_ 10,5,1,2,0,3,1,4,0,0,118
0f2b39e72cdd2d94fcde147be749ecd88de5ceb6,"05/18/2010, 09:13:08",file_ 11,1,0,0,0,1,0,0,0,0,1
0f2b39e72cdd2d94fcde147be749ecd88de5ceb6,"05/18/2010, 09:13:08",file_ 12,2,0,0,0,1,0,0,0,0,1
f0d9cdd35d83fd081c218fdec17edaf9e4f868f7,"07/07/2010, 12:42:23",file_ 12,0,0,0,0,0,0,0,0,0,3
0f2b39e72cdd2d94fcde147be749ecd88de5ceb6,"05/18/2010, 09:13:08",file_ 13,3,0,0,0,1,0,0,0,0,1
f0d9cdd35d83fd081c218fdec17edaf9e4f868f7,"07/07/2010, 12:42:23",file_ 13,6,0,0,0,2,0,0,0,0,3
c54fb5b89b656bcf33fd0b5fc73244e9a30a340a,"05/25/2010, 09:04:46",file_ 14,2,0,1,0,0,0,0,0,0,1
f0d9cdd35d83fd081c218fdec17edaf9e4f868f7,"07/07/2010, 12:42:23",file_ 14,2,0,0,0,0,0,0,0,0,3
092b87c908da897e3bc04ae40ef785ad9ee2ccc1,"10/08/2010, 12:32:12",file_ 14,1,0,0,0,0,0,0,0,0,4
092a725e0cf78081c0818732d3d1d86b275118ea,"01/11/2011, 08:21:52",file_ 14,2,0,0,0,0,0,0,0,0,6
4153bc21d822f7462f240c642952e314f5f86bb0,"07/13/2013, 15:12:33",file_ 14,4,0,1,0,1,0,0,0,0,36
2a782333cc2ffdbc4ca4791fb2c48d47f8a37122,"11/27/2013, 10:04:47",file_ 14,4,0,1,0,0,0,0,0,0,40
30680f9ee3f2744ab86c21fed81f77b04ad4152d,"11/27/2013, 10:21:27",file_ 14,3,0,1,0,0,0,0,0,0,41
205e00844d1d9cf4cd4545c4cc45f1121a6b0824,"01/09/2014, 08:11:47",file_ 14,2,0,0,0,0,0,0,0,0,44
a8e5396fda40c1994190691271fe81bce1c8f0c6,"06/11/2010, 14:41:44",file_ 15,1,0,0,0,0,0,0,0,0,1
451399cc686da4a38edc9535056e10b046d57463,"06/12/2010, 11:08:31",file_ 15,2,0,0,0,0,0,0,0,0,2
28ad146736fe16b50952aa227b906dee4e7251b2,"06/12/2010, 23:41:07",file_ 15,1,0,0,0,0,0,0,0,0,4
f0d9cdd35d83fd081c218fdec17edaf9e4f868f7,"07/07/2010, 12:42:23",file_ 15,2,0,0,0,0,0,0,0,0,5
3e34c9f857e93706db74d2c7d642dfd8e9f4cb46,"01/07/2011, 01:24:38",file_ 15,1,0,0,0,0,0,0,0,0,8
304b43e3b2f35606d0321587c36aa148ad908a71,"09/25/2011, 17:35:46",file_ 15,2,0,0,0,0,0,0,0,0,16
147387a094eb1d578480c95b1bdef646522f9220,"09/26/2011, 10:06:58",file_ 15,1,0,0,0,0,0,0,0,0,17
11f84b145b2c026a97ace61cb4f632bf161f0825,"12/19/2011, 13:56:47",file_ 15,2,0,0,0,1,0,0,0,0,18
3fd14394092288f2cc9891131fd1c2cb964ef4e5,"12/20/2011, 16:57:15",file_ 15,1,0,0,0,0,0,0,0,0,19
3d472e15661ebe53852a7a43553247f4cb11a100,"01/03/2012, 08:32:53",file_ 15,2,0,0,0,1,0,0,0,0,23
8941060710132ea51d6bf6f7eb4705fd6cd19290,"10/03/2012, 08:59:26",file_ 15,1,0,0,0,0,0,0,0,0,27
6d0f680521e2071985029d8e7ab87d4b933cad8a,"06/12/2010, 11:04:08",file_ 16,2,0,1,0,1,0,0,0,0,1
f68d44e05825423c1feec4ea42f4d13b4efd1d55,"02/09/2012, 10:43:30",file_ 16,3,0,0,0,2,0,0,0,0,6
9d8323337490697934c138ba3a3e987dad22567e,"02/16/2013, 11:29:21",file_ 16,0,0,0,0,0,0,0,0,0,17
205e00844d1d9cf4cd4545c4cc45f1121a6b0824,"01/09/2014, 08:11:47",file_ 16,3,0,0,0,2,0,0,0,0,18
d19a7378115e5de11b694ac40531ab662d074055,"06/12/2010, 14:25:54",file_ 17,1,0,0,0,1,0,0,0,0,1
d19a7378115e5de11b694ac40531ab662d074055,"06/12/2010, 14:25:54",file_ 18,0,0,0,0,0,1,0,0,0,1
d19a7378115e5de11b694ac40531ab662d074055,"06/12/2010, 14:25:54",file_ 19,2,1,1,0,1,1,2,0,0,1
d19a7378115e5de11b694ac40531ab662d074055,"06/12/2010, 14:25:54",file_ 20,2,1,1,0,1,0,1,0,0,1
d19a7378115e5de11b694ac40531ab662d074055,"06/12/2010, 14:25:54",file_ 21,1,0,0,0,0,0,0,0,0,1
faf0bddfe4b5960113f99d3fe7d5b0b25e96dc19,"06/15/2010, 11:20:46",file_ 21,2,0,0,0,0,0,0,0,0,2
d437bcdd364ea487828021f2f38b86531aa96db2,"06/15/2010, 11:21:14",file_ 21,1,0,0,0,0,0,0,0,0,3
d19a7378115e5de11b694ac40531ab662d074055,"06/12/2010, 14:25:54",file_ 22,1,0,0,0,0,0,0,0,0,1
f0d9cdd35d83fd081c218fdec17edaf9e4f868f7,"07/07/2010, 12:42:23",file_ 22,2,0,0,0,0,0,0,0,0,2
bee33449535dd656c2c0a94946eb0086d1214e1f,"12/31/2010, 11:45:34",file_ 22,1,0,0,0,0,0,0,0,0,3
7b37221b785dd5aeda8794e8ffdcbfd8cf3aad7b,"06/14/2011, 17:04:40",file_ 22,0,0,0,0,0,0,0,0,0,5
d19a7378115e5de11b694ac40531ab662d074055,"06/12/2010, 14:25:54",file_ 23,1,0,1,0,0,0,0,0,0,1
f0d9cdd35d83fd081c218fdec17edaf9e4f868f7,"07/07/2010, 12:42:23",file_ 23,2,0,2,0,0,0,0,0,0,2
bee33449535dd656c2c0a94946eb0086d1214e1f,"12/31/2010, 11:45:34",file_ 23,1,0,1,0,0,0,0,0,0,3
8315bc2b1b5d361bd55e40cd25b2846016ecb1b5,"06/14/2011, 17:04:40",file_ 23,0,0,0,0,0,0,0,0,0,5
d19a7378115e5de11b694ac40531ab662d074055,"06/12/2010, 14:25:54",file_ 24,1,0,1,0,1,0,0,0,0,1
f0d9cdd35d83fd081c218fdec17edaf9e4f868f7,"07/07/2010, 12:42:23",file_ 24,2,0,2,0,2,0,0,0,0,2
82cb28c02699a2f0a6524f4d2d124e8be2bcecfd,"10/16/2010, 07:45:59",file_ 24,1,0,1,0,1,0,0,0,0,3
d38ea8fbc8792391771efd8e03e8c39b9266cfbb,"06/14/2011, 17:04:40",file_ 24,0,0,0,0,0,0,0,0,0,7
d19a7378115e5de11b694ac40531ab662d074055,"06/12/2010, 14:25:54",file_ 25,1,0,0,0,0,0,0,0,0,1
f0d9cdd35d83fd081c218fdec17edaf9e4f868f7,"07/07/2010, 12:42:23",file_ 25,2,0,0,0,0,0,0,0,0,2
bee33449535dd656c2c0a94946eb0086d1214e1f,"12/31/2010, 11:45:34",file_ 25,1,0,0,0,0,0,0,0,0,3
d19a7378115e5de11b694ac40531ab662d074055,"06/12/2010, 14:25:54",file_ 26,1,0,0,0,0,0,0,0,0,1
9fa34ae854e6ebdc354c800076164ba0b7f29606,"06/26/2010, 10:48:22",file_ 26,2,0,0,0,0,0,0,0,0,2
f0d9cdd35d83fd081c218fdec17edaf9e4f868f7,"07/07/2010, 12:42:23",file_ 26,1,0,0,0,0,0,0,0,0,3
7b37221b785dd5aeda8794e8ffdcbfd8cf3aad7b,"06/14/2011, 17:04:40",file_ 26,0,0,0,0,0,0,0,0,0,5
d19a7378115e5de11b694ac40531ab662d074055,"06/12/2010, 14:25:54",file_ 27,1,0,0,0,1,0,0,0,0,1
f0d9cdd35d83fd081c218fdec17edaf9e4f868f7,"07/07/2010, 12:42:23",file_ 27,2,0,0,0,2,0,0,0,0,2
157a73025e15af8294be72c2bbc05a1f569a0879,"10/05/2010, 12:16:09",file_ 27,1,0,0,0,1,0,0,0,0,3
d19a7378115e5de11b694ac40531ab662d074055,"06/12/2010, 14:25:54",file_ 28,0,1,0,0,0,0,0,0,0,1
d19a7378115e5de11b694ac40531ab662d074055,"06/12/2010, 14:25:54",file_ 29,0,1,0,0,0,0,0,0,0,1
d19a7378115e5de11b694ac40531ab662d074055,"06/12/2010, 14:25:54",file_ 30,0,0,0,0,0,1,0,0,0,1
d19a7378115e5de11b694ac40531ab662d074055,"06/12/2010, 14:25:54",file_ 31,0,1,0,0,0,1,0,0,0,1
d19a7378115e5de11b694ac40531ab662d074055,"06/12/2010, 14:25:54",file_ 32,2,0,1,0,2,1,0,0,0,1
791c1c405fde4cb806f1e30ccdb19bdea5109133,"06/14/2010, 18:12:17",file_ 32,4,0,2,0,4,2,0,0,0,2
3900fc85b2d598115947c7fa625f377c9f134792,"02/24/2013, 16:03:37",file_ 32,3,0,1,0,2,1,0,0,0,73
205e00844d1d9cf4cd4545c4cc45f1121a6b0824,"01/09/2014, 08:11:47",file_ 32,2,0,1,0,2,1,0,0,0,88
d19a7378115e5de11b694ac40531ab662d074055,"06/12/2010, 14:25:54",file_ 33,1,0,0,0,1,0,1,0,0,1
99f722f4de726142f86addb6d80b6c006d39ccc7,"06/18/2010, 19:56:10",file_ 33,4,0,0,0,0,0,2,0,0,2
99465558992b18633aaecc16850ff40213714c27,"05/06/2012, 04:40:49",file_ 33,1,0,0,0,0,0,1,0,0,18
9eed01be77331a72e5ca61deeaeaba09cd9c8370,"11/14/2012, 12:29:04",file_ 33,0,0,0,0,0,0,1,0,0,23
1dbe9cf8b199097704b478fd2473dab8d551b2dd,"11/14/2012, 17:54:09",file_ 33,0,0,0,0,0,0,0,0,0,24
c517984099c588d7cbe04bea9fb756a764769f5f,"01/07/2013, 11:37:52",file_ 33,1,0,0,0,0,0,1,0,0,27
d19a7378115e5de11b694ac40531ab662d074055,"06/12/2010, 14:25:54",file_ 34,1,0,0,0,0,0,0,0,0,1
f0d9cdd35d83fd081c218fdec17edaf9e4f868f7,"07/07/2010, 12:42:23",file_ 34,0,0,0,0,0,0,0,0,0,2
1dba1f2160e9ed349e1b52602dc8df3a5206c51e,"11/10/2010, 21:07:54",file_ 34,1,0,0,0,0,0,0,0,0,3
d19a7378115e5de11b694ac40531ab662d074055,"06/12/2010, 14:25:54",file_ 35,1,0,1,0,1,0,0,0,0,1
df26577ad6cd4b45c882cf1afa64bec04956b736,"06/15/2010, 09:19:30",file_ 35,2,0,2,0,2,0,0,0,0,2
f0d9cdd35d83fd081c218fdec17edaf9e4f868f7,"07/07/2010, 12:42:23",file_ 35,1,0,1,0,1,0,0,0,0,3
dc9e909ac81cc89bb406620a0bdfcf987b9b25fd,"01/03/2012, 08:32:53",file_ 35,0,0,0,0,0,0,0,0,0,9
d19a7378115e5de11b694ac40531ab662d074055,"06/12/2010, 14:25:54",file_ 36,2,0,0,0,1,0,0,0,0,1
f0d9cdd35d83fd081c218fdec17edaf9e4f868f7,"07/07/2010, 12:42:23",file_ 36,2,0,0,0,0,0,0,0,0,2
6fdc88bb096bdd3f772d66e6e43b1c9cc8499eb1,"08/15/2010, 19:30:59",file_ 36,1,0,0,0,1,0,0,0,0,3
2b7f44f56496ccdc705e29497bfcaf142f4a9794,"01/25/2011, 08:24:47",file_ 36,1,0,0,0,0,0,0,0,0,7
9de7259c0fc063e276268860fa19a03609c4af71,"10/05/2012, 20:40:12",file_ 36,1,0,0,0,1,0,0,0,0,16
d19a7378115e5de11b694ac40531ab662d074055,"06/12/2010, 14:25:54",file_ 37,1,0,0,0,0,0,0,0,0,1
d19a7378115e5de11b694ac40531ab662d074055,"06/12/2010, 14:25:54",file_ 38,1,0,1,0,1,0,0,0,0,1
d19a7378115e5de11b694ac40531ab662d074055,"06/12/2010, 14:25:54",file_ 39,1,0,1,0,1,0,0,0,0,1
d19a7378115e5de11b694ac40531ab662d074055,"06/12/2010, 14:25:54",file_ 40,1,0,1,0,1,0,0,0,0,1
d19a7378115e5de11b694ac40531ab662d074055,"06/12/2010, 14:25:54",file_ 41,0,0,0,0,0,1,1,0,0,1
f0d9cdd35d83fd081c218fdec17edaf9e4f868f7,"07/07/2010, 12:42:23",file_ 41,0,0,0,0,0,2,2,0,0,2
d19a7378115e5de11b694ac40531ab662d074055,"06/12/2010, 14:25:54",file_ 42,2,0,0,0,1,1,0,0,0,1
d19a7378115e5de11b694ac40531ab662d074055,"06/12/2010, 14:25:54",file_ 43,2,0,0,0,0,0,0,0,0,1
d19a7378115e5de11b694ac40531ab662d074055,"06/12/2010, 14:25:54",file_ 44,3,0,0,0,1,0,2,0,0,1
d19a7378115e5de11b694ac40531ab662d074055,"06/12/2010, 14:25:54",file_ 45,2,0,1,0,1,0,0,0,0,1
d19a7378115e5de11b694ac40531ab662d074055,"06/12/2010, 14:25:54",file_ 46,2,0,2,0,2,0,0,0,0,1
d19a7378115e5de11b694ac40531ab662d074055,"06/12/2010, 14:25:54",file_ 47,1,0,0,0,1,0,0,0,0,1
d19a7378115e5de11b694ac40531ab662d074055,"06/12/2010, 14:25:54",file_ 48,3,0,3,0,3,0,0,0,0,1
d19a7378115e5de11b694ac40531ab662d074055,"06/12/2010, 14:25:54",file_ 49,1,0,0,0,1,0,0,0,0,1
f0d9cdd35d83fd081c218fdec17edaf9e4f868f7,"07/07/2010, 12:42:23",file_ 49,2,0,0,0,2,0,0,0,0,2
5a1fee09ac47e02c8431d8c9a24709641c943159,"10/26/2010, 12:10:02",file_ 49,1,0,0,0,1,0,0,0,0,3
dc9e909ac81cc89bb406620a0bdfcf987b9b25fd,"01/03/2012, 08:32:53",file_ 49,0,0,0,0,0,0,0,0,0,9
d19a7378115e5de11b694ac40531ab662d074055,"06/12/2010, 14:25:54",file_ 50,2,0,1,0,1,0,0,0,0,1
f0d9cdd35d83fd081c218fdec17edaf9e4f868f7,"07/07/2010, 12:42:23",file_ 50,4,0,2,0,2,0,0,0,0,2
dc9e909ac81cc89bb406620a0bdfcf987b9b25fd,"01/03/2012, 08:32:53",file_ 50,0,0,0,0,0,0,0,0,0,8
df7929a38338c6af49765c813af0db4528e4c34a,"01/05/2012, 11:40:11",file_ 50,2,0,1,0,1,0,0,0,0,9
d19a7378115e5de11b694ac40531ab662d074055,"06/12/2010, 14:25:54",file_ 51,1,0,0,0,1,0,0,0,0,1
4049a99572c2eba9b20f00ef2420d77cd31ee26b,"06/15/2010, 11:14:19",file_ 51,2,0,0,0,2,0,0,0,0,2
f0d9cdd35d83fd081c218fdec17edaf9e4f868f7,"07/07/2010, 12:42:23",file_ 51,1,0,0,0,1,0,0,0,0,3
d19a7378115e5de11b694ac40531ab662d074055,"06/12/2010, 14:25:54",file_ 52,2,0,0,0,0,0,0,0,0,1
f0d9cdd35d83fd081c218fdec17edaf9e4f868f7,"07/07/2010, 12:42:23",file_ 52,4,0,0,0,0,0,0,0,0,2
c78671bc4ef1c51f86a8fdc744c4420ac32e44d6,"06/14/2011, 17:04:40",file_ 52,1,0,0,0,1,0,0,0,0,4
b8b3e1fdc0312938d8ce2d7ff5958d52c865d780,"02/16/2013, 12:26:43",file_ 52,0,0,0,0,0,0,0,0,0,31
205e00844d1d9cf4cd4545c4cc45f1121a6b0824,"01/09/2014, 08:11:47",file_ 52,1,0,0,0,1,0,0,0,0,32
d19a7378115e5de11b694ac40531ab662d074055,"06/12/2010, 14:25:54",file_ 53,3,0,2,0,2,0,0,0,0,1
f0d9cdd35d83fd081c218fdec17edaf9e4f868f7,"07/07/2010, 12:42:23",file_ 53,6,0,4,0,4,0,0,0,0,2
b825d330cb79e013e2fdaf9ec529d4350cd89ffc,"10/04/2012, 19:12:10",file_ 53,4,0,2,0,2,0,0,0,0,17
eaf658dba9dc7a5799d991202596eb38a460afef,"07/06/2010, 15:55:26",file_ 54,0,0,1,0,0,0,0,0,0,1
bfdc34b884b84ce11f180928dbc965f572aa4f35,"07/06/2010, 22:03:36",file_ 54,0,0,0,0,0,0,0,0,0,4
afeb15456c4f324670b5110025ee4345db987aed,"12/04/2010, 09:24:18",file_ 54,0,0,1,0,0,0,0,0,0,9
bee33449535dd656c2c0a94946eb0086d1214e1f,"12/31/2010, 11:45:34",file_ 54,0,0,0,0,0,0,0,0,0,12
422a2a15879352908914959e7f243d29ba807316,"01/07/2011, 10:52:31",file_ 54,0,0,1,0,0,0,0,0,0,13
c5ebbe7c608971cf239be4c282ee5419b4c680a6,"11/14/2012, 18:23:25",file_ 54,0,0,0,0,0,0,0,0,0,49
f0d9cdd35d83fd081c218fdec17edaf9e4f868f7,"07/07/2010, 12:42:23",file_ 55,0,1,0,0,0,0,0,0,0,1
1a28532f01852a2e5fb33308d78b7a916063b323,"10/22/2010, 20:34:50",file_ 55,0,1,0,0,0,1,0,0,0,4
732d2130e2ff63a3b6d71777447de0c11ac58465,"12/17/2010, 20:29:46",file_ 55,0,1,0,0,0,0,0,0,0,8
09daed9e294aa14b7fcc1da0cfbd179614f63dbe,"06/14/2011, 17:00:30",file_ 55,0,1,0,0,0,1,0,0,0,11
41b75ee9eded115594aa210175a2c93a07c95a8a,"03/29/2013, 04:58:31",file_ 55,0,1,1,0,0,1,0,0,0,49
aa917f13818245b0492ca5e0bb026081a2104dca,"05/04/2013, 06:44:49",file_ 55,0,1,0,0,0,1,0,0,0,51
7bf32c0321f0f914aea0a4883af67744d5b394df,"05/14/2013, 22:12:40",file_ 55,0,1,1,0,0,1,0,0,0,53
be88aa01b68015c158b49972c63c5d7642a5476f,"07/06/2013, 11:30:31",file_ 55,0,1,2,0,0,1,0,0,0,55
d6a6a8c305c89b66ef4ff23395d6e12903e041d4,"11/05/2013, 10:58:07",file_ 55,0,1,0,0,0,1,0,0,0,58
d4838ff2dfa9a83d91f44016a6404109a0a721fc,"01/03/2014, 12:33:13",file_ 55,0,1,2,0,0,1,0,0,0,59
205e00844d1d9cf4cd4545c4cc45f1121a6b0824,"01/09/2014, 08:11:47",file_ 55,0,1,0,0,0,1,0,0,0,79
c8629d05f2dfd608d3ac7dc62cb6db1534a7bdb4,"01/17/2014, 14:51:13",file_ 55,0,1,2,0,0,1,0,0,0,80
a285a212496700d5d6c3b5fa369b8d912f05dd1e,"01/23/2014, 20:50:59",file_ 55,0,1,0,0,0,1,0,0,0,83
452a4ab99a1b2ae724c8f5f157113095816b80bd,"02/21/2014, 15:22:14",file_ 55,0,1,2,0,0,1,0,0,0,84
0e5471480233720a6d8ce19a9414fb88aed5ebf1,"08/12/2014, 03:06:36",file_ 55,0,1,2,0,0,1,1,0,0,88
fd5ef8a8bd4a7a50a10d18b8f247ebc50226e61f,"08/17/2014, 10:18:07",file_ 55,0,1,2,0,0,1,0,0,0,92
91ba2757549feb69bdebbb2f13e5251046a1f256,"08/17/2014, 10:30:30",file_ 55,0,1,2,0,0,1,1,0,0,93
b1ec09e8db388689d2e7636a67cf948769839631,"12/22/2014, 14:17:05",file_ 55,0,0,0,0,0,0,0,0,0,96
f0d9cdd35d83fd081c218fdec17edaf9e4f868f7,"07/07/2010, 12:42:23",file_ 56,0,1,0,0,0,0,0,0,0,1
d36c730265364a54b7b6c6b645df124396fa468a,"06/14/2011, 17:00:30",file_ 56,0,1,1,0,0,1,0,0,0,9
8431d94e9b1fcf94d72da5aae58897b5fb55b221,"10/24/2014, 22:13:20",file_ 56,0,0,0,0,0,0,0,0,0,41
f0d9cdd35d83fd081c218fdec17edaf9e4f868f7,"07/07/2010, 12:42:23",file_ 57,0,0,0,0,0,1,0,0,0,1
4c09e712cd9980e2ff0d46508cbb388dd7c8434f,"01/01/2015, 10:17:26",file_ 57,0,0,0,0,0,0,0,0,0,37
f0d9cdd35d83fd081c218fdec17edaf9e4f868f7,"07/07/2010, 12:42:23",file_ 58,0,1,0,0,0,1,0,0,0,1
7b37221b785dd5aeda8794e8ffdcbfd8cf3aad7b,"06/14/2011, 17:04:40",file_ 58,0,0,0,0,0,0,0,0,0,5
bf60b058f4bbbc04f1c7315506492ae0046ea2f2,"08/26/2010, 09:30:52",file_ 59,1,0,0,0,0,0,0,0,0,1
d4b979792cf9ccf8b55d3574f23a086c6717c745,"01/16/2011, 12:12:24",file_ 59,0,0,0,0,0,0,0,0,0,6
7ab7ee8d838c48e56b90a5541448d8dfa1422aee,"02/11/2011, 02:07:52",file_ 59,1,0,0,0,0,0,0,0,0,7
5b278d9fb5ce1bc25f22bbf185de52fe8c1cc0a0,"02/20/2011, 07:25:40",file_ 59,0,0,0,0,0,0,0,0,0,11
45d1f7ed9b83ace177f259dcf45503ec0d6ea282,"07/27/2011, 08:45:17",file_ 59,1,0,0,0,0,0,0,0,0,14
f7c0aa224d52bc578da6ea8a30afff272f0ab605,"11/09/2011, 11:00:32",file_ 59,0,0,0,0,0,0,0,0,0,15
67a243cc22083cd8223fa1e334670142b4d7f608,"12/12/2011, 12:18:25",file_ 59,1,0,0,0,0,0,0,0,0,25
50a1dc7be1b74fd4d7eeb047ff3adc93dc6bfbd0,"05/05/2012, 14:52:39",file_ 59,2,0,0,0,0,0,0,0,0,30
ceea000b01a31238f0d31773b6aed401f9b05137,"10/04/2012, 10:56:05",file_ 59,1,0,0,0,0,0,0,0,0,32
c517984099c588d7cbe04bea9fb756a764769f5f,"01/07/2013, 11:37:52",file_ 59,2,0,0,0,0,0,0,0,0,33
7e6ea4342f0638d4e23f84124333a07a8b6170a3,"02/17/2013, 22:06:02",file_ 59,1,0,0,0,0,0,0,0,0,35
8fb5b65ba5a095faa80ac7d86c0ab2b25481c3e0,"02/17/2013, 23:32:29",file_ 59,2,0,0,0,0,0,0,0,0,36
5fa672603c1fd992ae606dfeb2fccef28c9dfdcf,"01/03/2014, 10:56:51",file_ 59,1,0,0,0,0,0,0,0,0,39
205e00844d1d9cf4cd4545c4cc45f1121a6b0824,"01/09/2014, 08:11:47",file_ 59,2,0,0,0,0,0,0,0,0,40
e8a966be71adaa2899f50436c2324a42a6e197ac,"01/18/2014, 11:44:56",file_ 59,1,0,0,0,0,0,0,0,0,41
55370237294d79e958a2000b2abf0abe79e53cc7,"01/20/2014, 17:11:17",file_ 59,0,0,0,0,0,0,0,0,0,43
fc17eeaa9251b461aabc5c83e2f87277cf441114,"01/20/2014, 17:11:38",file_ 59,1,0,0,0,0,0,0,0,0,44
22049203b36cd655d0d082b2bdc6e7327f702d02,"01/04/2011, 13:49:24",file_ 60,1,0,0,0,1,0,0,0,0,1
8315bc2b1b5d361bd55e40cd25b2846016ecb1b5,"06/14/2011, 17:04:40",file_ 60,0,0,0,0,0,0,0,0,0,3
fd83a3eed05bc2f1129acd0ec5089f6e1217dc72,"02/06/2011, 20:13:16",file_ 61,1,0,0,0,1,0,0,0,0,1
76816b0fd4589436608854ad67568f7838bdbbf4,"02/13/2011, 14:14:02",file_ 62,1,0,0,0,0,0,0,0,0,1
7388d870e624b5167457f2471938030e814571d1,"06/14/2011, 17:00:30",file_ 63,0,0,1,0,0,0,0,0,0,1
b8b3e1fdc0312938d8ce2d7ff5958d52c865d780,"02/16/2013, 12:26:43",file_ 63,0,0,0,0,0,0,0,0,0,16
205e00844d1d9cf4cd4545c4cc45f1121a6b0824,"01/09/2014, 08:11:47",file_ 63,0,0,1,0,0,0,0,0,0,17
d38ea8fbc8792391771efd8e03e8c39b9266cfbb,"06/14/2011, 17:04:40",file_ 64,0,0,0,0,0,1,0,0,0,1
8f56dd6a5f66fb7f73f5a3121b7c8db99ed43d4b,"06/14/2011, 17:04:40",file_ 64,0,0,0,0,0,2,0,0,0,2
4887e8fb1ec1de4ac37926c4ca034eaeb88d4102,"06/14/2011, 15:32:23",file_ 64,0,0,0,0,0,0,0,0,0,3
f5dc8fd7a5d5843981e3a8df119c584f1651e3b0,"11/03/2011, 09:00:16",file_ 65,0,0,0,0,0,1,0,0,0,1
0436bdfbdd578059d48c0e66f1170a5ef058e94d,"01/29/2013, 23:38:07",file_ 66,0,0,0,0,0,0,1,0,0,1
205e00844d1d9cf4cd4545c4cc45f1121a6b0824,"01/09/2014, 08:11:47",file_ 66,0,0,0,0,0,0,0,0,0,4
0a669038ad22f73b42548ff71fd732ebc7d439bc,"02/08/2013, 12:24:20",file_ 67,1,0,0,0,0,0,0,0,0,1
c88d4316320cc10a014549c069f1420963089d1d,"04/01/2013, 06:02:29",file_ 68,0,0,0,0,0,0,1,0,0,1
205e00844d1d9cf4cd4545c4cc45f1121a6b0824,"01/09/2014, 08:11:47",file_ 68,0,0,0,0,0,0,0,0,0,2
3a5808fbca4ee832c27f13a544fdf8809eec62ec,"01/20/2014, 17:21:13",file_ 68,0,0,0,0,0,0,1,0,0,3
b1ec09e8db388689d2e7636a67cf948769839631,"12/22/2014, 14:17:05",file_ 68,0,0,0,0,0,0,0,0,0,8
fa15ef16b6b486a521d6bad9cac9945a5006d4cc,"03/09/2017, 11:14:10",file_ 68,0,0,0,0,0,0,1,0,0,28
4153bc21d822f7462f240c642952e314f5f86bb0,"07/13/2013, 15:12:33",file_ 69,0,0,1,0,0,0,0,0,0,1
205e00844d1d9cf4cd4545c4cc45f1121a6b0824,"01/09/2014, 08:11:47",file_ 69,0,0,0,0,0,0,0,0,0,3
3a5808fbca4ee832c27f13a544fdf8809eec62ec,"01/20/2014, 17:21:13",file_ 69,0,0,1,0,0,0,0,0,0,4
a0a0c59adf63f5ca24cdded0d6235db432a61c2a,"03/05/2014, 06:39:30",file_ 69,0,0,0,0,0,0,0,0,0,6
57b3e783370d936321584e12d6f995b353f2472f,"04/18/2014, 18:10:01",file_ 69,0,0,1,0,0,0,0,0,0,8
827d10a1638bd573dbd5fb1bed9ddc397855c850,"12/17/2014, 01:19:52",file_ 69,0,0,0,0,0,0,0,0,0,18
564b57b8c0a27a7d1a72127808e83058561db2ff,"12/09/2013, 16:12:36",file_ 70,0,0,0,0,0,1,0,0,0,1
3a5808fbca4ee832c27f13a544fdf8809eec62ec,"01/20/2014, 17:21:13",file_ 71,1,0,1,0,1,0,0,0,0,1
63b5bdc61577152bef13d50e06565df200633267,"01/30/2014, 13:57:34",file_ 71,0,0,0,0,0,0,0,0,0,4
552eb9f4c4a26039b812cc3e2f9b8dcc553ed88f,"05/21/2015, 14:36:02",file_ 71,1,0,0,0,0,0,0,0,0,13
fa9bf01642e8ced6bfed93893a41d09c0a3aa69e,"06/06/2015, 07:51:14",file_ 71,2,0,0,0,0,0,0,0,0,16
80b94e2c71fbb58894cb48847e19b7165d5c9bc5,"06/06/2015, 08:00:14",file_ 71,1,0,0,0,0,0,0,0,0,17
68655680fcae8092598e17108b2060b28c4186a1,"08/14/2015, 07:48:09",file_ 71,1,0,0,0,1,0,0,0,0,22
cff4b8552815fc797ff97fdffee595fc4c0828a6,"08/14/2015, 07:48:13",file_ 71,1,0,0,0,0,0,0,0,0,23
a571c67b3d30ae43cdfb90200937de380314332a,"08/22/2015, 21:16:53",file_ 71,1,0,0,0,1,0,0,0,0,26
291ac8359e0add2ddb5577978d233bff5c95bf16,"08/22/2015, 21:35:25",file_ 71,2,0,1,0,2,0,0,0,0,28
56492faf27d47044c0104f2d39504d94e9031cf8,"08/22/2015, 21:39:12",file_ 71,2,0,2,0,2,0,0,0,0,29
516bfb837a517d0e7d79492747aeb3873e89a0f6,"10/09/2015, 20:04:13",file_ 71,1,0,0,0,0,0,0,0,0,31
fd63108bd2611aedc22b5fbae06489fae757ab43,"05/08/2016, 17:16:51",file_ 71,2,0,2,0,2,0,0,0,0,33
3a5808fbca4ee832c27f13a544fdf8809eec62ec,"01/20/2014, 17:21:13",file_ 72,1,0,0,0,0,0,0,0,0,1
fa9bf01642e8ced6bfed93893a41d09c0a3aa69e,"06/06/2015, 07:51:14",file_ 72,2,0,0,0,0,0,0,0,0,7
80b94e2c71fbb58894cb48847e19b7165d5c9bc5,"06/06/2015, 08:00:14",file_ 72,1,0,0,0,0,0,0,0,0,8
c9f8fe11fb459e51d37fcf629e0450307b19c362,"09/22/2016, 08:14:37",file_ 72,0,0,0,0,0,0,0,0,0,14
922322174b4d44538e659bdf0fa9f752dddc0ced,"03/08/2017, 10:32:06",file_ 72,1,0,0,0,0,0,0,0,0,15
3a5808fbca4ee832c27f13a544fdf8809eec62ec,"01/20/2014, 17:21:13",file_ 73,2,1,0,0,0,1,1,0,0,1
144c4a31c6ebf078fbb64195afe471eda679174a,"06/05/2015, 07:14:32",file_ 73,1,1,0,0,0,1,1,0,0,20
fa9bf01642e8ced6bfed93893a41d09c0a3aa69e,"06/06/2015, 07:51:14",file_ 73,4,2,0,0,0,2,2,0,0,21
6207c1b81fa762e795983f1ff23d105e05357735,"06/16/2015, 17:50:41",file_ 73,2,1,0,0,0,1,1,0,0,22
f5e6462d50bf4edaaf520db7c9d2382edfa59382,"06/19/2015, 07:42:25",file_ 73,1,1,0,0,0,1,1,0,0,23
51214e9b3ccf822d436d20ab87e69357b33be316,"06/19/2015, 07:51:00",file_ 73,2,1,0,0,0,1,1,0,0,26
22df98f7c5e2726af05f26b9d3b1ccaaf32a5224,"10/07/2015, 21:48:45",file_ 73,1,1,0,0,0,1,1,0,0,31
1ccdeee0c35a01ab77a8641f9c723ed11e3fe29f,"10/09/2015, 10:41:26",file_ 73,2,1,0,0,0,1,1,0,0,33
e7bd853102c898edfeefd3c1f637640f9a002907,"02/06/2016, 17:46:57",file_ 73,1,1,0,0,0,1,1,0,0,35
2d4f894efd001229ad202b23b80e48d9cb75d7e3,"11/24/2016, 11:00:45",file_ 73,2,1,0,0,0,1,1,0,0,44
428ffc3065c759b91bc7ed1541b146d3904f51bc,"12/27/2016, 11:51:34",file_ 73,1,1,0,0,0,1,1,0,0,45
3a6c0995d79b759e574ba2bc1bc7b8d9a6bb9fc4,"12/30/2016, 10:25:51",file_ 73,1,2,0,0,0,1,1,0,0,46
5906c905d7bd31b9ccbd7163caf74b1089ed7703,"12/30/2016, 10:25:51",file_ 73,1,1,0,0,0,1,1,0,0,47
a99803f635e77a72cfc46c2726743990440e7f8a,"01/25/2017, 07:52:21",file_ 73,2,2,0,0,0,1,1,0,0,97
8a862381a09677f6e256251d653584de28656651,"01/25/2017, 12:46:48",file_ 73,1,2,0,0,0,1,1,0,0,98
042a32cadb7accfd64cc2a6405c82f586b6b19b0,"01/25/2017, 14:43:27",file_ 73,1,1,0,0,0,1,1,0,0,99
8e25a16bd4b07d0c765092a8495ff8bfdee0f597,"02/01/2017, 09:36:18",file_ 73,1,2,0,0,0,1,1,0,0,100
342a7155bc6916c1832e1624716f1a3f8e3edadc,"05/17/2017, 21:53:47",file_ 73,1,1,0,0,0,1,1,0,0,104
852e5405df1f3f8b46ae54963472b6226f8559e5,"12/13/2017, 14:07:44",file_ 73,0,1,0,0,0,1,1,0,0,114
a3992cbeda5f9c0e1561653f059515b86ff96222,"07/06/2018, 12:04:07",file_ 73,0,1,0,0,0,1,2,0,0,126
ce058e477c64841a4cdb88e1d2c6ac65ead163bc,"10/21/2018, 07:48:00",file_ 73,1,1,0,0,0,1,1,0,0,133
a406c85c51edd76ace29119179d8c21f590c939e,"10/29/2018, 11:13:31",file_ 73,0,1,0,0,0,1,2,0,0,135
3bb57fddac31d3d378d897c706e4ade05fbd99a5,"12/03/2018, 05:54:53",file_ 73,2,1,0,0,0,1,2,0,0,147
3db19712f90219b14f2503e050f50fee4a1ac82b,"01/22/2019, 14:34:26",file_ 73,0,1,0,0,0,1,2,0,0,156
689a81dae20c15a7ed177bf6bf07457c9e3b038c,"01/22/2019, 14:54:19",file_ 73,2,1,0,0,0,1,2,0,0,157
c11f1e6c254d06d5743728d2c797a81d48267a6d,"03/06/2019, 06:22:56",file_ 73,0,1,0,0,0,1,2,0,0,161
ee146f959ae0eca48d9700b08b6f84228fc56a16,"03/06/2019, 06:49:40",file_ 73,2,1,0,0,0,1,2,0,0,162
264b1b2a4dbf12ad81e6520b1c4e9fa72c28aed5,"04/25/2019, 19:24:30",file_ 73,2,1,0,0,0,1,1,0,0,163
7d9840b6a81b8c77d22609869950fae8eb22a71e,"11/25/2019, 15:34:34",file_ 73,2,1,0,0,0,1,0,0,0,174
ef8e524438c17db36c106fc957ff78e36da7cb11,"11/25/2019, 15:46:14",file_ 73,0,1,0,0,0,1,0,0,0,175
ac702d70957611fc03763608ee620ec1d0f0fb59,"04/24/2020, 07:02:47",file_ 73,2,1,0,0,0,1,1,0,0,206
3a5808fbca4ee832c27f13a544fdf8809eec62ec,"01/20/2014, 17:21:13",file_ 74,0,0,0,0,0,1,0,0,0,1
f0322b6978bc2b6fd9a17f499950a4b023ef3db4,"02/11/2014, 17:24:13",file_ 74,0,0,0,0,0,0,0,0,0,3
3a5808fbca4ee832c27f13a544fdf8809eec62ec,"01/20/2014, 17:21:13",file_ 75,1,0,0,0,0,0,0,0,0,1
fa9bf01642e8ced6bfed93893a41d09c0a3aa69e,"06/06/2015, 07:51:14",file_ 75,2,0,0,0,0,0,0,0,0,6
51214e9b3ccf822d436d20ab87e69357b33be316,"06/19/2015, 07:51:00",file_ 75,1,0,0,0,0,0,0,0,0,7
3a5808fbca4ee832c27f13a544fdf8809eec62ec,"01/20/2014, 17:21:13",file_ 76,0,0,0,0,0,0,1,0,0,1
fa9bf01642e8ced6bfed93893a41d09c0a3aa69e,"06/06/2015, 07:51:14",file_ 76,0,0,0,0,0,0,2,0,0,5
3a5808fbca4ee832c27f13a544fdf8809eec62ec,"01/20/2014, 17:21:13",file_ 77,1,0,0,0,0,0,0,0,0,1
fa9bf01642e8ced6bfed93893a41d09c0a3aa69e,"06/06/2015, 07:51:14",file_ 77,2,0,0,0,0,0,0,0,0,10
80b94e2c71fbb58894cb48847e19b7165d5c9bc5,"06/06/2015, 08:00:14",file_ 77,1,0,0,0,0,0,0,0,0,11
ddd6c84dc91b229150e6ae1b451581532ff529a4,"01/17/2019, 10:15:17",file_ 77,1,0,0,0,0,0,1,0,0,44
3a5808fbca4ee832c27f13a544fdf8809eec62ec,"01/20/2014, 17:21:13",file_ 78,1,0,0,0,0,0,0,0,0,1
fa9bf01642e8ced6bfed93893a41d09c0a3aa69e,"06/06/2015, 07:51:14",file_ 78,2,0,0,0,0,0,0,0,0,5
51214e9b3ccf822d436d20ab87e69357b33be316,"06/19/2015, 07:51:00",file_ 78,1,0,0,0,0,0,0,0,0,6
ef8e524438c17db36c106fc957ff78e36da7cb11,"11/25/2019, 15:46:14",file_ 78,0,0,0,0,0,0,0,0,0,41
3a5808fbca4ee832c27f13a544fdf8809eec62ec,"01/20/2014, 17:21:13",file_ 79,5,1,2,0,4,1,3,0,0,1
ee1da983168be1d9ea6dc2a1e86a6e3f1c729cf9,"06/12/2014, 16:52:35",file_ 79,4,1,2,0,3,1,3,0,0,15
df4404600fe7a83620f472e6112d71874f4bbb17,"06/13/2014, 09:18:02",file_ 79,4,1,2,0,3,1,2,0,0,16
18852ac06e587d32e0b52f464477ec1cce9422c5,"07/07/2014, 13:27:34",file_ 79,5,1,2,0,4,1,3,0,0,21
2b37a6aa3f7664b6b67f7641b8c668ee3aa812f2,"07/27/2014, 02:55:48",file_ 79,4,1,2,0,3,1,2,0,0,23
38231aa3737e2db37242f4b867acc40ca08ae32e,"07/28/2014, 21:10:22",file_ 79,5,1,2,0,4,1,3,0,0,27
f40b29067f21d94dd629cd0c8b9fd587f17f9d2b,"08/17/2014, 09:59:50",file_ 79,4,1,2,0,3,1,2,0,0,32
d2e45a5a3558a01f8ab8c44680f18176a3a5f259,"09/15/2014, 10:14:53",file_ 79,5,1,2,0,3,1,2,0,0,33
9cde063824730fe6f74651520877096af1e1010f,"09/16/2014, 23:23:13",file_ 79,4,1,2,0,3,1,2,0,0,34
1807fae555eb2af9e8f16ffe7c7bb1dfacdf7840,"09/17/2014, 01:27:56",file_ 79,5,1,2,0,3,1,2,0,0,35
d3f38b295d2927ea30776cd9a9c0199c42b14f18,"10/16/2014, 18:28:24",file_ 79,4,1,2,0,3,1,2,0,0,37
6c21c66567031c863f207fb46b3c1c545d5589d1,"11/05/2014, 12:27:10",file_ 79,5,1,2,0,3,1,2,0,0,39
e2c209dd6618e2d6b4f6dfb2b4b9bdad80ab3ee4,"03/16/2015, 15:58:05",file_ 79,4,1,2,0,3,1,2,0,0,51
fa9bf01642e8ced6bfed93893a41d09c0a3aa69e,"06/06/2015, 07:51:14",file_ 79,8,2,4,0,6,2,4,0,0,57
16b5b198d4b73e6713eae5ffbd6da2f66b0e2ea2,"06/18/2015, 09:05:43",file_ 79,5,1,2,0,3,1,2,0,0,59
aefd452e8b9233cb152f753c47aa946b472c176f,"07/04/2015, 10:32:28",file_ 79,5,1,2,0,4,1,2,0,0,69
491d0c68ef565fa5c0049a296bd1b928d14ce2e1,"08/24/2015, 06:05:39",file_ 79,5,1,2,0,3,1,2,0,0,77
8b4c076f667245d050bc793dc909c393c40cd7d4,"08/27/2015, 09:54:51",file_ 79,5,1,2,0,4,1,2,0,0,78
7d75bd86c8b4b6d910ce93c47a4eea27d4a6d723,"10/01/2015, 11:11:47",file_ 79,5,1,2,0,3,1,2,0,0,80
73f0d41add653fbfe66925a1bb6ef9556845888f,"10/29/2015, 16:11:10",file_ 79,5,1,2,0,4,1,2,0,0,85
c820f915bfae34e5a836f94967a2a5ea5ef34f21,"02/02/2016, 10:00:32",file_ 79,5,1,2,0,3,1,2,0,0,98
8f3be9513f91db7b52e36701b6766468af983746,"02/19/2016, 10:42:58",file_ 79,5,1,2,0,4,1,2,0,0,99
0774df619ddab4c605cbb605a96f2fcfb1550f15,"03/13/2016, 13:15:05",file_ 79,5,1,2,0,3,1,2,0,0,100
3ba9516bcb7c234c06b09077a7ffed63157f4f23,"03/15/2016, 06:57:56",file_ 79,5,1,2,0,4,1,2,0,0,101
ef8362f8f03a13ecaa302a118a9a446adfeca3d2,"04/12/2016, 10:13:49",file_ 79,5,1,2,1,4,1,2,0,0,105
afba9032aa86ba0ad271e3c1bde097111b6aea07,"05/17/2016, 04:59:44",file_ 79,5,1,2,1,3,1,2,0,0,124
76e6c958446b4892682f97eb34fae235baa06917,"06/03/2016, 09:32:57",file_ 79,5,1,2,1,4,1,2,0,0,125
c2aba455df9ea23924a2a1df84ba9a88a9f59a9b,"08/19/2016, 14:17:57",file_ 79,5,1,2,0,4,1,2,0,0,133
1df87fc644f07f085b89a503ca8d90f46e257d45,"08/19/2016, 14:35:15",file_ 79,5,1,2,1,4,1,2,0,0,137
6055931bc2763756b4b1a26d1930b88a90e58ac3,"08/19/2016, 14:36:53",file_ 79,5,1,2,0,4,1,2,0,0,138
445fe8eeb27be9be122b279eb381b8b635e099ea,"08/20/2016, 11:56:52",file_ 79,5,1,2,1,4,1,2,0,0,140
100e778c598d6e2e5968d7ba8f44b781a33ddb77,"09/22/2016, 09:04:13",file_ 79,5,1,2,0,4,1,2,0,0,144
60c32c5b5e79c2248001efa2560f831da11cc2d7,"10/07/2016, 15:03:26",file_ 79,5,1,2,1,4,1,2,0,0,145
fff7967739f13eff9314748e9397962abf95b90a,"11/19/2016, 09:24:08",file_ 79,5,1,2,0,4,1,2,0,0,146
dbb62b805fd2a0cb96a17ebb99cc20bd8360a26e,"11/21/2016, 10:48:37",file_ 79,5,1,2,1,4,1,2,0,0,147
7c6ce93c6ede2be73cc4e4b8c6c195fde5f5bb65,"12/03/2016, 13:57:45",file_ 79,5,1,2,1,3,1,2,0,0,151
0d1447bac826943931174befb12410143d2b73cb,"12/08/2016, 10:53:31",file_ 79,4,1,2,0,4,1,2,0,0,152
951435d443b6cb60006e61e9ef132224f2b42265,"12/12/2016, 08:24:45",file_ 79,5,1,3,1,4,1,2,0,0,153
162326dc02c9efef2ccc51e9d10f858c05a05797,"12/12/2016, 14:46:17",file_ 79,4,1,2,0,4,1,2,0,0,154
ba2241e6e0a634dc333b6e1d2fd6d0e8c16c2f57,"12/30/2016, 10:50:47",file_ 79,4,2,3,0,4,1,2,0,0,164
c0a3b3e8caa480c97467ff3e98838650deda24c5,"12/30/2016, 10:53:04",file_ 79,4,1,3,0,4,1,2,0,0,165
afb9aba5e8aa4de9bf43398bd76561b26c9a088b,"01/17/2017, 13:36:24",file_ 79,5,2,3,1,4,1,2,0,0,180
e2651d042a2efa1250ce45f85da80ac386d85be7,"01/17/2017, 17:21:12",file_ 79,5,1,3,1,4,1,2,0,0,181
225c44d36ab20b251cd165338a80f07546f7a6c8,"01/25/2017, 11:09:01",file_ 79,5,1,2,1,3,1,2,0,0,185
1124dada08bbc7714a823f1c2ade07d64e246797,"01/25/2017, 12:43:05",file_ 79,4,2,3,0,4,1,2,0,0,186
cb33eb2de055ff210b48c56a5873eb5d694c09d2,"01/25/2017, 15:56:36",file_ 79,5,2,3,1,4,1,2,0,0,187
e20825098d10596ed69ee39007e4c8579d0e6a47,"01/25/2017, 17:15:48",file_ 79,5,1,3,1,4,1,2,0,0,188
4a3b4e12cf5a3ffab3e861d7dcad61632e6580f8,"02/03/2017, 06:22:34",file_ 79,4,2,3,0,4,1,2,0,0,190
1810af6330282894a4e437727c1b7b5386447c62,"02/03/2017, 11:40:56",file_ 79,5,2,3,1,4,1,2,0,0,191
4d320a93f399c53ac54cc8cb8726b05527e7717b,"02/03/2017, 11:47:34",file_ 79,4,2,3,0,4,1,2,0,0,192
2d31b0ea85263cf919fd9a7ef4a384a5f939b448,"02/06/2017, 16:25:35",file_ 79,4,1,3,0,4,1,2,0,0,193
922322174b4d44538e659bdf0fa9f752dddc0ced,"03/08/2017, 10:32:06",file_ 79,5,2,3,1,4,1,2,0,0,197
0b734eee921192fa2bd463f8830e7597b8a8172f,"03/18/2017, 06:53:02",file_ 79,5,1,3,1,4,1,2,0,0,198
f6e31c3b6c08c25e899ad96840ed5c7f75c4e362,"03/31/2017, 16:04:55",file_ 79,4,2,3,0,4,1,2,0,0,200
24d285f4aa79555dd8855e824e90f22d326e69a4,"03/31/2017, 17:16:09",file_ 79,4,1,3,0,4,1,2,0,0,201
c1a1052573354f3753cafb385b90580f18095a23,"04/01/2017, 05:20:56",file_ 79,4,1,2,0,4,1,2,0,0,203
3344f6be8225d9e81ce62f924fc8731c3dc249b3,"04/01/2017, 11:10:27",file_ 79,5,2,3,1,4,1,2,0,0,204
9cdd4a86802678425579d77b9165fd7364485f09,"04/01/2017, 11:10:27",file_ 79,5,1,3,1,4,1,2,0,0,205
b59629d56c60a2e9850b6eb7192ce1580e99a7a8,"04/01/2017, 12:18:09",file_ 79,4,2,2,0,4,1,2,0,0,206
e083cb6682159fcd7863464729211aae22c1818a,"04/01/2017, 14:37:08",file_ 79,4,1,2,0,4,1,2,0,0,207
4a7794f4e87e4dba4e373e64f21b8c7d50e0b708,"04/02/2017, 09:51:42",file_ 79,5,2,3,1,4,1,2,0,0,208
ff57ea9261e486d1ac8752e760cefbd3dc68af28,"04/03/2017, 04:19:20",file_ 79,5,1,3,1,4,1,2,0,0,209
59f97fad8733a075ad54ae98ba9f9194fb12a028,"05/03/2017, 01:38:55",file_ 79,4,2,2,0,4,1,2,0,0,210
2e4f066828c30e651aa4a1af9d17c20a657ba388,"05/03/2017, 01:39:22",file_ 79,4,1,2,0,4,1,2,0,0,211
a48119f31fceda2e4541b7ef8875e6bcf60477f8,"07/27/2017, 07:56:17",file_ 79,5,2,3,1,4,1,2,0,0,222
9e245fb9b60206a845c19ee9ced6358751564a06,"07/27/2017, 07:56:17",file_ 79,5,1,3,1,4,1,2,0,0,223
9a7a667f748a35dcabf8b57d429b4535578d3f43,"08/20/2017, 18:04:25",file_ 79,4,2,2,0,4,1,2,0,0,224
3e5aa6c434229199ee6851a27fc2a84b6b0b399c,"08/20/2017, 18:06:38",file_ 79,4,1,2,0,4,1,2,0,0,225
4eba3374803c6c0903145e8940844e6f1d665c07,"09/01/2017, 10:38:37",file_ 79,5,2,3,1,4,1,2,0,0,227
2a8faf71e05c78185d7502fc371c07a95cffc130,"09/29/2017, 12:19:25",file_ 79,4,2,2,0,4,1,2,0,0,228
e4bead7e68f76418f4db30b6cda5738eef4bc56f,"10/05/2017, 13:51:26",file_ 79,4,1,2,0,4,1,2,0,0,229
6727744434bf19016364aef1a49f80b32d045b8b,"10/13/2017, 17:40:53",file_ 79,4,1,3,0,4,1,2,0,0,233
567ca23a4c62e8b9bcefae0b39b5f33e3853c2c2,"10/14/2017, 07:53:25",file_ 79,5,2,2,1,4,1,2,0,0,234
226cdf2bfa77ad454b46602c77cd0d431eafe7aa,"10/14/2017, 09:52:11",file_ 79,4,2,3,0,4,1,2,0,0,235
182941e21951a3fa6d1cff158319746a1f8d53f4,"10/15/2017, 08:06:24",file_ 79,5,2,2,1,4,1,2,0,0,236
52a86854c0ded54adcda472a4ce7604fd72e945c,"10/16/2017, 15:17:03",file_ 79,5,2,3,0,4,1,2,0,0,237
4f426b3fa79032a6328fce3572d7894ac2ef429b,"10/18/2017, 09:16:25",file_ 79,5,2,2,1,4,1,2,0,0,238
e415521a235dd5cfb1177c0fe0ab0514e08790d3,"10/18/2017, 10:13:58",file_ 79,5,2,3,0,4,1,2,0,0,239
1435f8a06ad9013f587ca04c3e160b236814e915,"10/22/2017, 05:56:45",file_ 79,5,1,3,0,4,1,2,0,0,240
b7654e578aea464461e49f93ed2c248d2389d690,"12/28/2017, 09:48:30",file_ 79,5,2,2,1,4,1,2,0,0,259
7d4078891eff91d266d2d59dd5aa1678dd388708,"12/29/2017, 07:40:57",file_ 79,5,2,3,0,4,1,2,0,0,260
998d672d4b4f52e72dc55d7797926a824c19e942,"12/29/2017, 07:45:55",file_ 79,5,1,3,0,4,1,2,0,0,261
7f86e9a03d995472a1c2eaf5a0be67c9aeb63d7a,"12/31/2017, 15:21:57",file_ 79,5,2,2,1,4,1,2,0,0,263
3bd007a806241556ba8ee91384634f20a50cfe51,"12/31/2017, 15:22:20",file_ 79,5,2,3,0,4,1,2,0,0,264
72e8a3c259eac2657cd56c34a1941f0a88046877,"01/02/2018, 08:20:08",file_ 79,5,1,3,0,4,1,2,0,0,265
39294df3f9b7f80b0da8600d41af025af146c132,"05/28/2018, 09:41:03",file_ 79,5,0,3,0,4,1,2,0,0,318
3a8520f1b32206bc84d5e497c8af3a6e09347d8b,"05/28/2018, 09:43:28",file_ 79,5,1,3,0,4,1,2,0,0,319
57c43689e09d708fdf91e2e5b61cc2c49df80e75,"07/06/2018, 12:04:07",file_ 79,5,1,2,0,4,1,2,0,0,326
41c9fdec9b64b8412fce955a7cfab650f77bc4d9,"07/13/2018, 05:24:35",file_ 79,5,1,3,0,4,1,2,0,0,330
16c11728ab598369599d00e9dd6c653640ea59e4,"08/07/2018, 08:51:03",file_ 79,5,1,2,0,4,1,2,0,0,331
d64306da810203aabed0467605f8eeed3a8a1e59,"08/07/2018, 09:03:40",file_ 79,5,1,3,0,4,1,2,0,0,332
0135f06daa9278c3d947eaf7f218d8a103d33481,"10/11/2018, 13:24:52",file_ 79,5,1,2,0,4,1,2,0,0,334
264b1b2a4dbf12ad81e6520b1c4e9fa72c28aed5,"04/25/2019, 19:24:30",file_ 79,5,1,2,0,4,1,1,0,0,370
e19a9c83ca5af3efb41019e4770585a7f8984a2b,"05/06/2019, 09:54:54",file_ 79,5,1,2,0,4,1,2,0,0,383
f758fbcecb75327fbecb1d36b80c0c7d19c46cd2,"05/18/2019, 17:28:30",file_ 79,5,1,2,0,4,1,1,0,0,384
23d08274fc2179a8259a29cb3a9d77a1e802b628,"05/20/2019, 15:06:30",file_ 79,5,1,2,0,4,1,2,0,0,385
41a52603095306e5e122d319985862367c985670,"05/21/2019, 07:45:56",file_ 79,5,1,2,0,4,1,1,0,0,387
ea510c5e2e453a10c528e46e68ae4dd51aa3aab6,"10/28/2019, 08:15:51",file_ 79,5,1,2,0,4,1,2,0,0,409
29fe79fd73a66acb0033dea18927360ea535f552,"11/17/2019, 17:46:23",file_ 79,5,1,2,0,4,1,1,0,0,410
b083649ad5918ffc3b58cb91e759cd3b6414bda3,"11/25/2019, 15:39:18",file_ 79,5,1,2,0,4,1,0,0,0,412
135dfce94c7b1148eb44460c181d7243e268a4a3,"12/02/2019, 04:07:08",file_ 79,5,1,2,0,4,1,1,0,0,419
0d6f05d9c93942ebb55615ccc8a044a62baf9f33,"01/16/2020, 14:31:06",file_ 79,5,1,2,0,4,1,0,0,0,420
cae69be6df51ec289e2950e6e45be5db4efc2fc1,"01/17/2020, 06:31:34",file_ 79,5,1,2,0,4,1,1,0,0,421
c416694f7d32539c2f6703b85843e737f97defd0,"02/01/2020, 08:40:57",file_ 79,5,1,2,0,4,1,0,0,0,422
b16e105f871c2a0f0128a60dd37440c42748dc30,"03/23/2020, 13:40:05",file_ 79,5,1,2,0,4,1,1,0,0,435
b744e9901a7d75109f56db969c64d76848430c1f,"03/24/2020, 10:29:28",file_ 79,5,1,2,0,4,1,0,0,0,436
7d2ffc8f6fbb38864ab69dfec94962fbb93d2c8e,"03/30/2020, 09:09:45",file_ 79,5,1,2,0,4,1,1,0,0,440
a07c36460862bdd823dc4c47fa959c20a72aec43,"03/30/2020, 09:11:53",file_ 79,5,1,3,0,4,1,1,0,0,441
3a5808fbca4ee832c27f13a544fdf8809eec62ec,"01/20/2014, 17:21:13",file_ 80,2,1,1,0,1,1,0,0,0,1
aa1d6201b17081ea5305e29c9f9d7e2f2e3c62bc,"01/11/2015, 04:03:16",file_ 80,3,1,1,0,1,1,0,0,0,18
fa9bf01642e8ced6bfed93893a41d09c0a3aa69e,"06/06/2015, 07:51:14",file_ 80,6,2,2,0,2,2,0,0,0,21
80b94e2c71fbb58894cb48847e19b7165d5c9bc5,"06/06/2015, 08:00:14",file_ 80,3,1,1,0,1,1,0,0,0,22
005150471911faa638cfaa8c2db5a3505458df14,"12/30/2016, 10:59:00",file_ 80,3,2,1,0,1,1,0,0,0,76
f8eae14e00a228c6c438713e17833efbe2e8252e,"12/30/2016, 11:01:40",file_ 80,3,1,1,0,1,1,0,0,0,77
afb9aba5e8aa4de9bf43398bd76561b26c9a088b,"01/17/2017, 13:36:24",file_ 80,3,2,1,0,1,1,0,0,0,87
e2651d042a2efa1250ce45f85da80ac386d85be7,"01/17/2017, 17:21:12",file_ 80,3,1,1,0,1,1,0,0,0,88
7cf83ce2e665aecf022d2ef484d61698138741cc,"01/26/2017, 16:35:26",file_ 80,3,2,1,0,1,1,0,0,0,91
8e25a16bd4b07d0c765092a8495ff8bfdee0f597,"02/01/2017, 09:36:18",file_ 80,3,1,1,0,1,1,0,0,0,93
69c473b6dab9571cb0c51bcbe15105e7d69c2d6c,"02/04/2017, 17:22:26",file_ 80,3,2,1,0,1,1,0,0,0,94
5487acb683b8a6bdafaa9f79bb3bc7776ef5a984,"03/09/2017, 03:04:16",file_ 80,3,1,1,0,1,1,0,0,0,98
f6e31c3b6c08c25e899ad96840ed5c7f75c4e362,"03/31/2017, 16:04:55",file_ 80,3,2,1,0,1,1,0,0,0,100
c1a1052573354f3753cafb385b90580f18095a23,"04/01/2017, 05:20:56",file_ 80,3,1,1,0,1,1,0,0,0,101
3a5808fbca4ee832c27f13a544fdf8809eec62ec,"01/20/2014, 17:21:13",file_ 81,5,0,1,0,3,1,0,0,0,1
070672db471a7d2d1d084a4a01542af8dab6d8be,"07/29/2014, 12:57:27",file_ 81,5,0,1,0,4,1,0,0,0,19
fa9bf01642e8ced6bfed93893a41d09c0a3aa69e,"06/06/2015, 07:51:14",file_ 81,10,0,2,0,8,2,0,0,0,33
82a3aafd187033fd5572ad28dfff7c1989cbf68d,"05/05/2016, 09:36:17",file_ 81,5,1,1,0,4,1,0,0,0,49
2d4f894efd001229ad202b23b80e48d9cb75d7e3,"11/24/2016, 11:00:45",file_ 81,5,0,1,0,4,1,0,0,0,51
a22f26d6bef4de4a15e8f473a41311bf0a7bc1d8,"12/30/2016, 10:25:52",file_ 81,5,1,1,0,4,1,0,0,0,52
f8eae14e00a228c6c438713e17833efbe2e8252e,"12/30/2016, 11:01:40",file_ 81,5,2,1,0,4,1,0,0,0,62
64d004dd9cdc452ff517f835cc0b5ed5e638b404,"12/30/2016, 11:05:28",file_ 81,5,1,1,0,4,1,0,0,0,63
7316906ce42bb3eeaacfe121b0e5659c91c3a91b,"01/02/2017, 09:15:08",file_ 81,5,0,1,0,4,1,0,0,0,72
8e25a16bd4b07d0c765092a8495ff8bfdee0f597,"02/01/2017, 09:36:18",file_ 81,5,1,1,0,4,1,0,0,0,73
922322174b4d44538e659bdf0fa9f752dddc0ced,"03/08/2017, 10:32:06",file_ 81,5,0,1,0,4,1,0,0,0,75
98d9e8d88d9403162a5a5a299a6a08e7645983cc,"01/02/2018, 08:48:51",file_ 81,5,1,1,0,4,1,0,0,0,110
c7aa52ea0cfa0ebe41249c5d45a9cea150b0109b,"01/02/2018, 09:01:24",file_ 81,5,0,1,0,4,1,0,0,0,111
26d014b5b1cc2735c30c721cae3e446b192a4b91,"04/10/2018, 16:49:45",file_ 81,5,1,1,0,4,1,0,0,0,123
8c47370df1bb669275792f2ec2b79913f61c3aab,"04/12/2018, 17:18:01",file_ 81,5,0,1,0,4,1,0,0,0,125
92effe41dba4792157a546c0e014cce7ea254093,"04/17/2018, 13:46:41",file_ 81,5,1,1,0,4,1,0,0,0,126
d033c6d1cd8ea01eba54c7fe3e5a1c47d8817dec,"04/17/2018, 13:46:41",file_ 81,5,0,1,0,4,1,0,0,0,128
bdece4e779d5e9d7f05ed8950aa381fa6dc6235d,"04/19/2018, 06:11:08",file_ 81,5,1,1,0,4,1,0,0,0,130
4a8d976aea468b091d450143b153f8e32db74eac,"04/19/2018, 06:11:08",file_ 81,5,0,1,0,4,1,0,0,0,132
66a0765da30140eb9618b50cbeddd6223eccdf4a,"05/07/2018, 11:39:23",file_ 81,5,1,1,0,4,1,0,0,0,135
375defe3752452bcd2cb3eed020915bc47c2f28d,"05/07/2018, 11:39:23",file_ 81,5,0,1,0,4,1,0,0,0,137
68ecfe05670e3a99967104c8f1c703025e675395,"04/15/2019, 08:25:45",file_ 81,4,0,0,0,3,1,0,0,0,166
264b1b2a4dbf12ad81e6520b1c4e9fa72c28aed5,"04/25/2019, 19:24:30",file_ 81,4,0,0,0,4,1,0,0,0,184
e19a9c83ca5af3efb41019e4770585a7f8984a2b,"05/06/2019, 09:54:54",file_ 81,5,0,1,0,4,1,0,0,0,187
f758fbcecb75327fbecb1d36b80c0c7d19c46cd2,"05/18/2019, 17:28:30",file_ 81,4,0,0,0,4,1,0,0,0,188
2d1e3990cea0e193335299e1f50f0060d934897a,"09/07/2019, 11:05:21",file_ 81,5,0,1,0,4,1,0,0,0,191
99bf8458ea9cc6f00a2ed0e9367df2c1e3c7c37b,"09/07/2019, 16:28:25",file_ 81,4,0,0,0,4,1,0,0,0,193
52b0434a231c5d88bdf54786b826e441295b67d3,"10/28/2019, 09:07:13",file_ 81,4,0,1,0,4,1,0,0,0,196
29fe79fd73a66acb0033dea18927360ea535f552,"11/17/2019, 17:46:23",file_ 81,4,0,2,0,4,1,0,0,0,198
3a5808fbca4ee832c27f13a544fdf8809eec62ec,"01/20/2014, 17:21:13",file_ 82,1,0,0,0,1,0,0,0,0,1
fa9bf01642e8ced6bfed93893a41d09c0a3aa69e,"06/06/2015, 07:51:14",file_ 82,2,0,0,0,2,0,0,0,0,5
51214e9b3ccf822d436d20ab87e69357b33be316,"06/19/2015, 07:51:00",file_ 82,1,0,0,0,1,0,0,0,0,6
3ce79e59eba8399f667e679d47b2a9aabdf94c02,"06/06/2019, 15:24:06",file_ 82,1,0,1,0,1,0,0,0,0,35
82e7076833b78f7f716dbd346e7096966fa6117e,"09/07/2019, 14:59:47",file_ 82,0,0,0,0,0,0,0,0,0,36
247f3bcd1e3081bed1a7bca80c279b91d5809fdc,"10/12/2019, 06:46:18",file_ 82,1,0,0,0,0,0,0,0,0,42
975968f03b0c8b277a50c1d2e52f0e9eb9bdd16a,"10/31/2019, 17:56:13",file_ 82,1,0,1,0,1,0,0,0,0,43
bf6af561797a4a3560a5faf2cf53d0134cba63ba,"01/23/2020, 07:41:28",file_ 82,1,0,0,0,1,0,0,0,0,47
3a5808fbca4ee832c27f13a544fdf8809eec62ec,"01/20/2014, 17:21:13",file_ 83,3,0,1,0,2,1,0,0,0,1
d93b7c5989e261cd9a5266d60321ae610411bd47,"04/23/2014, 08:42:20",file_ 83,2,0,1,0,2,1,0,0,0,12
4ce28b2d053db0a41d9a3ffd50b3347f976441af,"04/30/2014, 14:57:53",file_ 83,3,0,1,0,2,1,0,0,0,13
0d0fd4733de057db0fc83953c99dc77996d025ca,"06/16/2014, 00:54:22",file_ 83,2,0,1,0,2,1,0,0,0,19
9edd5181cbaf27544bcf0ea70ca920b1fc2853b1,"07/06/2014, 11:39:38",file_ 83,3,0,1,0,2,1,0,0,0,20
50dfaba6477d3b1a0c650d4f70a0d9f478ff6092,"08/12/2014, 06:43:31",file_ 83,2,0,1,0,2,1,0,0,0,21
ea1fea3c3bcff1e4e0238f24c628255c4125ab3d,"12/19/2014, 05:12:21",file_ 83,3,0,1,0,2,1,0,0,0,30
4c09e712cd9980e2ff0d46508cbb388dd7c8434f,"01/01/2015, 10:17:26",file_ 83,2,0,1,0,2,1,0,0,0,31
a05200c17bc3ecb532451e6757e3ca0f176e8b57,"01/15/2015, 00:56:41",file_ 83,3,0,1,0,2,1,0,0,0,32
fa9bf01642e8ced6bfed93893a41d09c0a3aa69e,"06/06/2015, 07:51:14",file_ 83,6,0,2,0,4,2,0,0,0,48
7e06a82806be004cbfd30a02d92162e9ed4abc7c,"10/08/2015, 07:29:49",file_ 83,3,1,1,0,1,1,0,0,0,71
516bfb837a517d0e7d79492747aeb3873e89a0f6,"10/09/2015, 20:04:13",file_ 83,3,0,1,0,2,1,0,0,0,72
0c822fd9ba0f285bd17873013085988b93c9ed53,"10/14/2015, 14:49:18",file_ 83,3,1,1,0,2,1,0,0,0,73
78aa9aff2667349c54618fff5dad3c421805e9f8,"12/09/2015, 09:48:10",file_ 83,3,1,1,0,1,1,0,0,0,74
1d269663f9756dde3300ca4590275811d8548f93,"01/12/2016, 10:13:13",file_ 83,3,1,2,0,1,1,0,0,0,76
8f4ea6375b1220b5fb2507ce87592f4b30f9d710,"01/12/2016, 12:29:23",file_ 83,3,1,1,0,1,1,0,0,0,77
bb9eb62541a7358558e1305fdd54ae0145c74eaf,"04/04/2016, 16:34:31",file_ 83,3,1,2,0,1,1,0,0,0,78
e3ecc75d87221cfa220ca09543e5b304ca75827e,"06/09/2016, 10:59:41",file_ 83,3,1,2,0,2,1,0,0,0,83
4ba14e52e2758935ff02aa73f226699d3fe72749,"11/22/2016, 08:59:21",file_ 83,3,1,1,0,2,1,0,0,0,91
45673bdae6230ec3e2c329d5554be51ecc8e749d,"11/27/2016, 14:57:54",file_ 83,3,1,2,0,2,1,0,0,0,94
68d5bbfe61a202599003012241d2a66319e367f4,"12/30/2016, 13:46:39",file_ 83,3,2,2,0,2,1,0,0,0,107
765556f7a6492e952020ee47f1919568ebd51be9,"12/30/2016, 13:49:09",file_ 83,3,1,2,0,2,1,0,0,0,108
e60ba3b25f597a97cb26723ce36950c5c7002d2e,"01/21/2017, 13:25:44",file_ 83,3,2,1,0,2,1,0,0,0,119
f4cf4d14139ee81da3da487a5d21e92d78aa0f69,"01/25/2017, 08:42:38",file_ 83,3,1,2,0,2,1,0,0,0,120
dc7d9abb220766c304aabc6ce2e276ba49ab2d41,"01/25/2017, 10:51:59",file_ 83,3,1,1,0,2,1,0,0,0,122
cb6089392cf75612e5aeaeb4910d1d093bd1f32b,"01/25/2017, 11:31:52",file_ 83,3,1,2,0,2,1,0,0,0,123
a9d809ca97daf7860311e0f6b9afa5f3b647ad21,"02/02/2017, 11:29:41",file_ 83,3,2,2,0,2,1,0,0,0,125
4a3b4e12cf5a3ffab3e861d7dcad61632e6580f8,"02/03/2017, 06:22:34",file_ 83,3,1,2,0,2,1,0,0,0,126
46f99691b799a261e5cd5a17f6ad5d5edfb526f9,"02/22/2017, 15:07:46",file_ 83,3,1,1,0,2,1,0,0,0,129
39bb51bdcbd743df8e03a353870f125349394a30,"03/02/2017, 15:42:38",file_ 83,3,2,2,0,2,1,0,0,0,133
4452e5e914f1b317cc8bac9dc8dce6222b96949e,"03/04/2017, 08:35:52",file_ 83,3,2,1,0,2,1,0,0,0,134
6abb6eba4361570b44cfc143139403963b578f85,"03/06/2017, 07:12:44",file_ 83,3,1,1,0,2,1,0,0,0,135
922322174b4d44538e659bdf0fa9f752dddc0ced,"03/08/2017, 10:32:06",file_ 83,3,2,2,0,2,1,0,0,0,137
4c59603385abda26db213cd0209f0238267f1d77,"03/31/2017, 18:01:04",file_ 83,3,2,1,0,2,1,0,0,0,138
c1a1052573354f3753cafb385b90580f18095a23,"04/01/2017, 05:20:56",file_ 83,3,1,1,0,2,1,0,0,0,139
d49c4b484cdb8239d6facee122790e0e3ffa122e,"08/12/2017, 10:30:04",file_ 83,3,1,1,0,3,1,0,0,0,146
a0070b9f0431729229623ea5bdcad21bfe335daa,"08/15/2017, 10:05:49",file_ 83,3,1,1,0,2,1,0,0,0,149
ebc228036d0fd06d2d48b080657af2684634f7ee,"08/15/2017, 10:27:23",file_ 83,3,1,1,0,3,1,0,0,0,150
43b9468b1a8c7f7eed1d7641e63101b02c521139,"08/15/2017, 10:37:17",file_ 83,3,1,2,0,3,1,0,0,0,151
2a8faf71e05c78185d7502fc371c07a95cffc130,"09/29/2017, 12:19:25",file_ 83,4,1,2,0,3,1,0,0,0,157
2cc5ccc4caf4f4fbbdb2e578a853304a204f72f0,"09/29/2017, 15:08:13",file_ 83,3,1,2,0,3,1,0,0,0,158
273f3984d38a60c94d9b20d1fbbe770f78bd6b98,"01/15/2019, 06:50:56",file_ 83,3,1,1,0,3,1,0,0,0,210
1973180757dbccfee5625ac31742db69a74f1453,"05/06/2019, 08:00:42",file_ 83,3,1,2,0,3,1,0,0,0,222
6c337bb885c3e3735facd1c820171f60305ad9ae,"05/08/2019, 08:48:48",file_ 83,3,1,1,0,3,1,0,0,0,223
7e3e9eb699139eeb3a867c4a5a669f842df6f537,"07/07/2019, 07:36:07",file_ 83,4,1,1,0,3,1,0,0,0,231
21a8420c30b4726ec1f199c475e6b1307b4cd20a,"03/06/2020, 13:28:56",file_ 83,3,0,1,0,3,1,0,0,0,266
9041d82604effd0d0ab59ce67eafbc3462a2ba83,"04/12/2020, 07:38:35",file_ 83,4,1,1,0,3,1,0,0,0,270
3a5808fbca4ee832c27f13a544fdf8809eec62ec,"01/20/2014, 17:21:13",file_ 84,2,0,0,0,1,1,0,0,0,1
a4835d134439c02a9e648e82a2cdfddb22e26bde,"06/20/2014, 20:30:30",file_ 84,2,0,0,0,0,1,0,0,0,4
6529e4030228d14e6e99c40b95d8478f5625134b,"07/26/2014, 23:04:49",file_ 84,2,0,0,0,1,0,0,0,0,5
50dfaba6477d3b1a0c650d4f70a0d9f478ff6092,"08/12/2014, 06:43:31",file_ 84,2,0,0,0,0,1,0,0,0,6
d3f38b295d2927ea30776cd9a9c0199c42b14f18,"10/16/2014, 18:28:24",file_ 84,2,0,0,0,0,0,0,0,0,9
da5ee30bf37b6abd6213cc260791233e418f6967,"10/22/2014, 08:43:00",file_ 84,2,0,0,0,0,1,0,0,0,10
5316ea5e88f33851d601064f0c2e9711d32a4fc2,"12/12/2014, 16:17:48",file_ 84,3,0,0,0,1,1,0,0,0,14
4c09e712cd9980e2ff0d46508cbb388dd7c8434f,"01/01/2015, 10:17:26",file_ 84,2,0,0,0,0,1,0,0,0,15
e22f8a1b63a8797b0f8515b5fb5ae759772391bb,"04/29/2015, 06:17:55",file_ 84,3,0,0,0,1,1,0,0,0,17
fa9bf01642e8ced6bfed93893a41d09c0a3aa69e,"06/06/2015, 07:51:14",file_ 84,6,0,0,0,2,2,0,0,0,22
a36c9ddcb11798c55de6108773cc9e435cfbf29b,"08/30/2015, 16:12:24",file_ 84,3,0,0,0,2,1,0,0,0,28
516bfb837a517d0e7d79492747aeb3873e89a0f6,"10/09/2015, 20:04:13",file_ 84,3,0,0,0,1,1,0,0,0,29
c5c4d4e4b0ae0d769560c8b76bcee0e34f6cfed3,"04/12/2016, 17:19:46",file_ 84,2,0,0,0,1,1,0,0,0,30
852e5405df1f3f8b46ae54963472b6226f8559e5,"12/13/2017, 14:07:44",file_ 84,1,0,0,0,0,1,0,0,0,66
93dc317e786affbcf20c3b58d186fb77f9c18fc1,"01/22/2020, 10:57:04",file_ 84,0,0,0,0,0,0,0,0,0,101
b149ae05a3ad2de8ec1eb43a30d15fe7780544cb,"03/23/2020, 14:26:54",file_ 84,1,0,0,0,0,1,0,0,0,102
3a5808fbca4ee832c27f13a544fdf8809eec62ec,"01/20/2014, 17:21:13",file_ 85,2,0,2,0,2,1,0,0,0,1
fa9bf01642e8ced6bfed93893a41d09c0a3aa69e,"06/06/2015, 07:51:14",file_ 85,4,0,4,0,4,2,0,0,0,34
38cc5597f6f5bd0e5f7d24c374b8f3d0b6fc5611,"06/19/2015, 09:43:06",file_ 85,2,1,2,0,2,1,0,0,0,40
99d510a6dd6367954c7f18e0a97c8b6d523916db,"06/19/2015, 09:43:27",file_ 85,2,0,2,0,2,1,0,0,0,41
ebf3655720ebeebdde8e10365dca9a8a3bcbb60a,"06/21/2015, 11:22:28",file_ 85,2,1,2,0,2,1,0,0,0,44
78c8865e4f4003acaf4ddc2f97bc963e1437bff4,"07/18/2015, 23:30:40",file_ 85,2,0,2,0,2,1,0,0,0,47
64c623e705a89794c922e91776d5f1cfa4c03fc1,"07/19/2015, 00:11:02",file_ 85,2,1,2,0,2,1,0,0,0,48
cb02067405cf5d65c172d5c0491819ace699b992,"09/24/2015, 09:03:57",file_ 85,2,0,2,0,2,1,0,0,0,51
d309486a8cda33e660457e4c3e5896c535c51d45,"10/02/2015, 07:40:39",file_ 85,2,1,2,0,2,1,0,0,0,57
c3a9db4ff399797143a9aab4ef36301d20259f78,"10/14/2015, 09:50:27",file_ 85,2,0,2,0,2,1,0,0,0,61
202c27da25589062f38ac619fa12c70c3193402f,"10/17/2015, 17:00:37",file_ 85,2,1,2,0,2,1,0,0,0,65
1e9cc7adf06d5a5bf25e7fcf14f27a5efc20392a,"12/30/2016, 14:03:41",file_ 85,2,2,2,0,2,1,0,0,0,118
0134a925f883390643e408c21fed428804a4d354,"12/30/2016, 14:13:38",file_ 85,2,1,2,0,2,1,0,0,0,119
8a02e9f4411a8cdcd8ddfdc6ecfb86b0b64454bb,"01/18/2017, 13:31:26",file_ 85,2,2,2,0,2,1,0,0,0,127
cb6089392cf75612e5aeaeb4910d1d093bd1f32b,"01/25/2017, 11:31:52",file_ 85,2,1,2,0,2,1,0,0,0,128
052d8bc91b3df5be4d40fe7a904e46f1f2242894,"03/02/2017, 15:27:59",file_ 85,2,2,2,0,2,1,0,0,0,136
218eb7494c010b6f5a6343e9bca9fa9212664b50,"03/02/2017, 15:32:07",file_ 85,2,1,2,0,2,1,0,0,0,137
922322174b4d44538e659bdf0fa9f752dddc0ced,"03/08/2017, 10:32:06",file_ 85,2,2,2,0,2,1,0,0,0,138
c5a8181520704f5506821ac81d49bfafd52bb5c8,"03/31/2017, 16:05:29",file_ 85,2,1,2,0,2,1,0,0,0,140
1a23d39a2f049e632169886e20efec00c6ea29a6,"03/31/2017, 16:23:31",file_ 85,2,2,2,0,2,1,0,0,0,141
6410ba6731e0bc5ff582a9980a0f45ae31e2ef70,"03/31/2017, 16:23:31",file_ 85,2,1,2,0,2,1,0,0,0,142
b1868955e2d30a5a14e3e0dba060fd900c818fbe,"03/31/2017, 17:16:42",file_ 85,2,2,2,0,2,1,0,0,0,146
4c59603385abda26db213cd0209f0238267f1d77,"03/31/2017, 18:01:04",file_ 85,2,1,2,0,2,1,0,0,0,147
909487767330e3fd245743aad067314ba63eb643,"06/14/2017, 18:51:13",file_ 85,2,2,2,0,2,1,0,0,0,165
3e98a0b7a77428059dccbf815ca35861ab192ff7,"10/07/2017, 20:49:46",file_ 85,2,1,2,0,2,1,0,0,0,167
8f259e091d697116f216401ccf20690240ef64c1,"12/17/2017, 07:06:08",file_ 85,2,2,2,0,2,1,0,0,0,177
41c75847e0a7e7df2e0eba6b6edf4d1b99da3103,"02/21/2018, 14:46:15",file_ 85,2,1,2,0,2,1,0,0,0,179
3a5808fbca4ee832c27f13a544fdf8809eec62ec,"01/20/2014, 17:21:13",file_ 86,6,0,2,0,3,0,0,0,0,1
fa9bf01642e8ced6bfed93893a41d09c0a3aa69e,"06/06/2015, 07:51:14",file_ 86,12,0,4,0,6,0,0,0,0,25
516bfb837a517d0e7d79492747aeb3873e89a0f6,"10/09/2015, 20:04:13",file_ 86,6,1,2,0,3,0,0,0,0,42
78aa9aff2667349c54618fff5dad3c421805e9f8,"12/09/2015, 09:48:10",file_ 86,6,0,2,0,3,0,0,0,0,43
4b3272ea3b73b34fe229bb09073fa7cdcc460894,"02/11/2016, 09:49:03",file_ 86,6,1,2,0,3,0,0,0,0,46
040faed32ac93d7f31963db89ccdd6a4ca40b81a,"04/07/2016, 09:03:07",file_ 86,6,0,2,0,3,0,0,0,0,47
e3ecc75d87221cfa220ca09543e5b304ca75827e,"06/09/2016, 10:59:41",file_ 86,6,1,2,0,3,0,0,0,0,52
0134a925f883390643e408c21fed428804a4d354,"12/30/2016, 14:13:38",file_ 86,6,2,2,0,3,0,0,0,0,64
a853db4449ae89a07c52e631c4b1469d8d11bcbc,"12/30/2016, 15:02:58",file_ 86,6,1,2,0,3,0,0,0,0,65
7316906ce42bb3eeaacfe121b0e5659c91c3a91b,"01/02/2017, 09:15:08",file_ 86,6,0,2,0,3,0,0,0,0,66
8a0cfb0ac93359e9bf2c6d97ea9e1aee5c4bc24f,"01/24/2017, 18:12:53",file_ 86,6,1,2,0,3,0,0,0,0,68
8734a1bab53511d68e2344736662e960389ea2bb,"01/27/2017, 06:49:54",file_ 86,6,0,2,0,3,0,0,0,0,71
6d4129f74fc477de4e23021e5177f394b6c2f253,"02/06/2017, 12:39:38",file_ 86,6,1,2,0,3,0,0,0,0,74
052d8bc91b3df5be4d40fe7a904e46f1f2242894,"03/02/2017, 15:27:59",file_ 86,6,2,2,0,3,0,0,0,0,76
770d1e068d6290b5e7acb353f79882bea464bc5e,"03/02/2017, 15:29:11",file_ 86,6,1,2,0,3,0,0,0,0,77
b271783d77f7cd9e23858b9af07e22d7436fb482,"07/04/2017, 11:10:53",file_ 86,7,1,2,0,3,0,0,0,0,88
4bc5697ecbcee24d4510700d336c33409692aae7,"07/09/2017, 11:33:37",file_ 86,6,1,2,0,3,0,0,0,0,90
a1b5663a426b85854e97dce080a3546907836d5a,"08/24/2017, 09:24:58",file_ 86,7,1,2,0,3,0,0,0,0,91
e24c74f64a6c87dd911d136a7c4ec819a0c4fe35,"04/07/2018, 13:41:49",file_ 86,6,1,2,0,3,0,0,0,0,123
d0dd8ce9d5ab922d80d7e3a758601ae587533bdc,"06/18/2018, 18:54:44",file_ 86,7,1,2,0,3,0,0,0,0,131
76241c5466857227ca74ae3b3ef24e1de71f3b96,"06/24/2018, 08:46:04",file_ 86,6,1,2,0,3,0,0,0,0,132
a57874975514eb4467f7262f64722d87ae523812,"09/07/2018, 22:06:25",file_ 86,6,1,1,0,3,0,0,0,0,134
e284d8ef1172f021a0bb0c31ebbad5cf69dc283a,"01/18/2019, 15:09:41",file_ 86,6,1,1,0,3,1,0,0,0,141
6419e374de66d5aa735685e42bacda27342fcf50,"01/24/2020, 11:37:41",file_ 86,12,2,2,0,6,2,0,0,0,164
48948e645191e331de64d86773489e5391282f50,"01/24/2020, 11:37:41",file_ 86,6,0,1,0,3,1,0,0,0,173
d8d708b5d53a08e889480806a8afbe85a128a30e,"01/24/2020, 11:37:41",file_ 86,6,1,2,0,3,1,0,0,0,177
c4e1e5364ac66d2b9fead58b79f83aacf379b2e9,"02/08/2020, 16:53:00",file_ 86,12,2,2,0,6,2,0,0,0,179
3a5808fbca4ee832c27f13a544fdf8809eec62ec,"01/20/2014, 17:21:13",file_ 87,1,0,0,0,0,0,0,0,0,1
fa9bf01642e8ced6bfed93893a41d09c0a3aa69e,"06/06/2015, 07:51:14",file_ 87,2,0,0,0,0,0,0,0,0,8
80b94e2c71fbb58894cb48847e19b7165d5c9bc5,"06/06/2015, 08:00:14",file_ 87,1,0,0,0,0,0,0,0,0,9
3a5808fbca4ee832c27f13a544fdf8809eec62ec,"01/20/2014, 17:21:13",file_ 88,1,0,0,0,1,0,0,0,0,1
fa9bf01642e8ced6bfed93893a41d09c0a3aa69e,"06/06/2015, 07:51:14",file_ 88,2,0,0,0,2,0,0,0,0,8
80b94e2c71fbb58894cb48847e19b7165d5c9bc5,"06/06/2015, 08:00:14",file_ 88,1,0,0,0,1,0,0,0,0,9
e5925cdc0c7f741c61209f0b4a89851ac571d365,"12/15/2017, 14:52:13",file_ 88,1,0,0,0,0,0,0,0,0,33
5f61126364f50196cae1e3b3fe5702f223122e05,"10/28/2019, 08:33:41",file_ 88,0,0,0,0,0,0,0,0,0,42
3a5808fbca4ee832c27f13a544fdf8809eec62ec,"01/20/2014, 17:21:13",file_ 89,3,0,0,0,1,0,0,0,0,1
fa9bf01642e8ced6bfed93893a41d09c0a3aa69e,"06/06/2015, 07:51:14",file_ 89,6,0,0,0,2,0,0,0,0,8
3a5808fbca4ee832c27f13a544fdf8809eec62ec,"01/20/2014, 17:21:13",file_ 90,1,0,0,0,0,0,0,0,0,1
d2e45a5a3558a01f8ab8c44680f18176a3a5f259,"09/15/2014, 10:14:53",file_ 90,0,0,0,0,0,0,0,0,0,13
a956c13405c03222d731a580ba93666c689af543,"10/27/2014, 15:28:46",file_ 90,1,0,0,0,0,0,0,0,0,14
4c09e712cd9980e2ff0d46508cbb388dd7c8434f,"01/01/2015, 10:17:26",file_ 90,0,0,0,0,0,0,0,0,0,16
5b2d40226186bba949b59cfe908fb3b0463075f5,"10/16/2017, 05:23:39",file_ 90,1,0,0,0,0,0,0,0,0,35
3a5808fbca4ee832c27f13a544fdf8809eec62ec,"01/20/2014, 17:21:13",file_ 91,0,0,0,0,0,1,1,0,0,1
fa9bf01642e8ced6bfed93893a41d09c0a3aa69e,"06/06/2015, 07:51:14",file_ 91,0,0,0,0,0,2,2,0,0,8
3a5808fbca4ee832c27f13a544fdf8809eec62ec,"01/20/2014, 17:21:13",file_ 92,1,0,0,0,0,0,0,0,0,1
bd1028b350c41795e449cf910164b49555f5e3b8,"01/30/2014, 13:44:12",file_ 92,2,0,0,0,1,0,0,0,0,3
db887a8f8c25aff29da2032636bf19493339265d,"02/10/2014, 17:12:21",file_ 92,1,0,0,0,0,0,0,0,0,7
16c89a9a0b613756bd0607211578584a012b1bf7,"02/11/2014, 01:24:39",file_ 92,2,0,0,0,1,0,0,0,0,8
93383480d5d8e3cabdf4813afab07bd851b77c4d,"02/18/2014, 08:46:06",file_ 92,1,0,0,0,0,0,0,0,0,10
fa9bf01642e8ced6bfed93893a41d09c0a3aa69e,"06/06/2015, 07:51:14",file_ 92,2,0,0,0,0,0,0,0,0,15
80b94e2c71fbb58894cb48847e19b7165d5c9bc5,"06/06/2015, 08:00:14",file_ 92,1,0,0,0,0,0,0,0,0,16
f459f6c8d9fddd626af6a876eab1721fe3c18011,"07/13/2016, 19:38:48",file_ 92,1,0,1,0,0,0,0,0,0,26
3a5808fbca4ee832c27f13a544fdf8809eec62ec,"01/20/2014, 17:21:13",file_ 93,3,0,1,0,0,0,0,0,0,1
32a57955811d8e407811813012fe668e5c85ac63,"03/15/2014, 11:32:48",file_ 93,3,0,1,0,0,0,1,0,0,8
cad11af82d1856ccf8c6bfd7d4d49efd04ccea81,"03/17/2014, 15:55:33",file_ 93,4,0,1,0,0,0,1,0,0,10
3352d4fc3cf2c24f7e103cceb14938af7e3d5f40,"04/17/2014, 21:36:49",file_ 93,5,0,1,0,0,0,1,0,0,13
57b3e783370d936321584e12d6f995b353f2472f,"04/18/2014, 18:10:01",file_ 93,4,0,1,0,0,0,1,0,0,14
ee1da983168be1d9ea6dc2a1e86a6e3f1c729cf9,"06/12/2014, 16:52:35",file_ 93,5,0,1,0,1,0,1,0,0,16
4e52679073b842dd31b05192ae49c33589fe3631,"06/12/2014, 17:14:58",file_ 93,5,0,1,0,1,0,2,0,0,17
1ad01460d7ed476691bd264604fcb4f7bf3260e0,"06/13/2014, 09:28:25",file_ 93,5,0,1,0,1,0,1,0,0,18
96da6aa5be8020ee8da8333cb5537e0e98851ba6,"07/27/2014, 02:44:05",file_ 93,6,0,1,0,1,0,1,0,0,21
50dfaba6477d3b1a0c650d4f70a0d9f478ff6092,"08/12/2014, 06:43:31",file_ 93,4,0,1,0,0,0,1,0,0,23
f40b29067f21d94dd629cd0c8b9fd587f17f9d2b,"08/17/2014, 09:59:50",file_ 93,6,0,1,0,1,0,1,0,0,25
ef9db551fbc80edf1a9468cba7a6e34b2ed39e83,"05/26/2015, 20:32:03",file_ 93,7,0,1,0,1,0,1,0,0,30
a034592e50650954ab5f80bbd337b779640afff0,"05/26/2015, 20:37:05",file_ 93,7,0,1,0,2,0,1,0,0,31
e22932224cb5efea8d712beec0f0ba61d4779e16,"05/26/2015, 21:17:16",file_ 93,6,0,1,0,2,0,1,0,0,32
5093afbb4b3256d0ef73337609a0dd7a1415dccc,"05/26/2015, 21:26:36",file_ 93,5,0,1,0,1,0,1,0,0,34
fa9bf01642e8ced6bfed93893a41d09c0a3aa69e,"06/06/2015, 07:51:14",file_ 93,10,0,2,0,2,2,2,0,0,38
80b94e2c71fbb58894cb48847e19b7165d5c9bc5,"06/06/2015, 08:00:14",file_ 93,5,0,1,0,1,0,1,0,0,39
51214e9b3ccf822d436d20ab87e69357b33be316,"06/19/2015, 07:51:00",file_ 93,6,0,1,0,1,0,1,0,0,41
69a66c04d33294cdf3e0baacf8f4ba8e7f8c7130,"06/19/2015, 11:03:43",file_ 93,6,0,1,0,2,0,1,0,0,42
9629b5b6e1fe4192d9d9e9059f99be7e5d74783c,"06/23/2015, 16:42:26",file_ 93,5,0,1,0,2,0,1,0,0,44
475a73de2fff9feb9ea09b135009ad2c03d78575,"10/05/2015, 05:48:41",file_ 93,4,0,1,0,2,0,1,0,0,45
43f0f64a10e76b7c49b1f1ad5676f60b081b11f1,"10/06/2015, 07:10:54",file_ 93,4,1,1,0,2,0,1,0,0,47
cd7b8368d74b082d3d0690c14ebce5071cd7f7ac,"04/13/2016, 19:10:21",file_ 93,4,1,1,0,1,0,1,0,0,57
7b06430ef88865d767dd107888df99325017c582,"06/17/2016, 17:11:33",file_ 93,4,1,1,0,2,0,1,0,0,60
c2165be7e6561471fc2f8c0516f6bde6471503d9,"08/19/2016, 16:23:17",file_ 93,4,1,1,0,1,0,1,0,0,64
edb0ad13128f4ac7203170cad64e6fe7263b005b,"11/22/2016, 07:55:57",file_ 93,4,1,1,0,2,0,1,0,0,68
4dcb2c8623526d86236beba1a2942124e7e794ee,"12/02/2016, 09:48:59",file_ 93,5,1,1,0,1,1,1,0,0,69
03a476bfa0c2ff149b95e9fcc36c85fb80d9c52e,"12/03/2016, 08:22:46",file_ 93,4,1,1,0,1,0,1,0,0,71
d9b5381a19073695a03403d9134705ecd36e9d9d,"12/30/2016, 15:19:14",file_ 93,4,2,1,0,1,0,1,0,0,82
7316906ce42bb3eeaacfe121b0e5659c91c3a91b,"01/02/2017, 09:15:08",file_ 93,4,1,1,0,1,0,1,0,0,83
0c3acf135cc6c0c60766d39c4053d30caf3bd94f,"01/24/2017, 15:02:48",file_ 93,4,2,1,0,1,0,1,0,0,87
6dfe6ad7eae24ba1a8fe947827baffaf67984522,"01/25/2017, 15:48:56",file_ 93,5,1,1,0,1,1,1,0,0,88
d13b2f67afaaa23259e32876047bf7bb79ca802e,"01/25/2017, 19:08:53",file_ 93,4,1,1,0,2,1,1,0,0,89
8e25a16bd4b07d0c765092a8495ff8bfdee0f597,"02/01/2017, 09:36:18",file_ 93,5,1,1,0,1,1,1,0,0,90
4a3b4e12cf5a3ffab3e861d7dcad61632e6580f8,"02/03/2017, 06:22:34",file_ 93,5,2,1,0,1,1,1,0,0,91
218eb7494c010b6f5a6343e9bca9fa9212664b50,"03/02/2017, 15:32:07",file_ 93,5,1,1,0,1,1,1,0,0,92
922322174b4d44538e659bdf0fa9f752dddc0ced,"03/08/2017, 10:32:06",file_ 93,5,2,1,0,1,1,1,0,0,93
982e598c4214c9b3e866072e88d9d9b6f8cfce71,"03/18/2017, 07:05:34",file_ 93,4,1,1,0,1,1,1,0,0,96
c1a1052573354f3753cafb385b90580f18095a23,"04/01/2017, 05:20:56",file_ 93,4,2,1,0,1,1,1,0,0,97
558b4309989ecce0db69a3621147e0c0193b07b2,"04/01/2017, 12:16:54",file_ 93,5,1,1,0,2,1,1,0,0,98
e200b91fd5f124bcbbbcf83e0be43d0fa28603c2,"06/01/2017, 09:18:00",file_ 93,4,2,1,0,1,1,1,0,0,111
c160a06793eeb1c6ef334dd0a5d69d79406fdb98,"07/01/2017, 13:21:09",file_ 93,5,2,1,0,2,1,1,0,0,112
cb363eeb886725ff8a5b9753ff286d0c95fbcea2,"07/01/2017, 13:21:09",file_ 93,5,1,1,0,2,1,1,0,0,113
f611d781cf95ac9e125cd0d91be9fd9163b568b8,"11/27/2017, 15:14:28",file_ 93,6,1,1,0,2,1,1,0,0,119
16282d0b6f664df88a75b07255801eb65463d17e,"01/24/2018, 09:51:56",file_ 93,6,1,2,0,2,1,1,0,0,139
526470b48d051ea68df646e0884a9349e776bd0c,"05/25/2018, 14:14:11",file_ 93,6,1,1,0,2,1,1,0,0,152
56de7e9f96869a808fefc5a2fefbca7970ad2aab,"05/29/2018, 07:37:42",file_ 93,6,1,2,0,2,1,1,0,0,153
1dd9b941a516863aa02163e9eda52e6352215df7,"07/10/2018, 15:04:50",file_ 93,7,1,2,0,2,1,1,0,0,157
10d5e7d9172390aa053cc4fde370012b9785d5ec,"10/09/2018, 07:55:02",file_ 93,5,1,1,0,2,1,1,0,0,160
421963780c4abc1584c075d4fd64daf9adc2e34c,"10/10/2018, 07:14:18",file_ 93,6,1,1,0,2,1,1,0,0,161
ef4c1be70d960242874af296934e63d406794427,"11/03/2018, 08:50:50",file_ 93,7,1,2,0,2,1,1,0,0,162
9bba2c902a72f6bead4a21b80a525b31837cbbe0,"11/08/2018, 06:02:52",file_ 93,8,1,2,0,2,1,1,0,0,164
17a8efee3415520a43054183fe82d55fb53e69db,"01/17/2019, 06:43:32",file_ 93,6,1,1,0,2,1,1,0,0,172
882c3a1b4b6bf14fa7f099c6615dd989cbe051f2,"01/17/2019, 09:41:13",file_ 93,8,1,2,0,2,1,1,0,0,173
b90c10e1682a76f7e4e85eb71b0c758f64e3536f,"03/12/2019, 11:23:42",file_ 93,7,1,2,0,2,1,1,0,0,178
41a52603095306e5e122d319985862367c985670,"05/21/2019, 07:45:56",file_ 93,7,1,2,0,3,1,1,0,0,183
d6e5300903a3afa9174a477a7a17d5e6cf463d9f,"06/15/2019, 11:03:55",file_ 93,8,1,2,0,2,1,1,0,0,186
3426cfda812934f0c72d3fdc4dceb92ca14686b2,"06/21/2019, 14:33:36",file_ 93,7,1,2,0,3,1,1,0,0,187
c55e6f781c50ba1691574ff804312c6122f23391,"09/07/2019, 16:28:25",file_ 93,6,1,2,0,3,1,1,0,0,191
930906229e3a30d17224cd4a173565faf0952c53,"09/07/2019, 16:28:25",file_ 93,5,1,2,0,2,1,1,0,0,192
38b7288c0fdbde95c006b12f03ee7b2b29143593,"09/07/2019, 16:28:25",file_ 93,4,0,2,0,1,1,1,0,0,193
d434b33075b4b6f3575660acfdb0daafd0b32515,"09/09/2019, 13:32:03",file_ 93,8,1,2,0,2,1,1,0,0,207
3d432d2cc449286b913aef28e93cc8eec58c4273,"09/09/2019, 13:45:03",file_ 93,7,1,2,0,3,1,1,0,0,208
5f045c9dd9789c35dfeea16e6babf24c5f16d101,"10/07/2019, 14:43:47",file_ 93,4,0,2,0,1,1,1,0,0,209
e06850c12b93d55271966b423519972a5ec6df45,"03/01/2020, 16:25:34",file_ 93,4,0,1,0,1,1,1,0,0,216
85fefa381541fb3fcbbfe9b5f32be386551cd774,"03/25/2020, 12:41:27",file_ 93,4,0,1,0,2,1,1,0,0,218
3a5808fbca4ee832c27f13a544fdf8809eec62ec,"01/20/2014, 17:21:13",file_ 94,1,0,0,0,1,0,0,0,0,1
fa9bf01642e8ced6bfed93893a41d09c0a3aa69e,"06/06/2015, 07:51:14",file_ 94,2,0,0,0,2,0,0,0,0,9
80b94e2c71fbb58894cb48847e19b7165d5c9bc5,"06/06/2015, 08:00:14",file_ 94,1,0,0,0,1,0,0,0,0,10
d10340fc74cece448b695b39b53e002b8e79a255,"07/06/2018, 11:51:25",file_ 94,1,0,0,0,1,0,1,0,0,37
73a4961a78c40edd9e74784e4a8d5199e4352136,"11/27/2018, 07:54:35",file_ 94,2,0,0,0,1,0,1,0,0,45
c9b035d506165cd8f076d23aad972c6dea2b0893,"12/24/2018, 14:31:18",file_ 94,2,0,0,0,2,0,1,0,0,56
74d84f7a5a5563667547e6e76eeb13ab3dbc6eea,"07/30/2019, 08:55:35",file_ 94,3,0,0,0,3,0,1,0,0,73
89ec093b537ef656083acaf7321597e39a88237a,"10/28/2019, 08:05:59",file_ 94,3,0,0,0,3,0,0,0,0,76
3a5808fbca4ee832c27f13a544fdf8809eec62ec,"01/20/2014, 17:21:13",file_ 95,4,0,2,0,2,0,0,0,0,1
c1bf461413f64bb1870e12b19d4541ea4e27b099,"07/25/2014, 21:08:03",file_ 95,4,0,2,0,3,0,0,0,0,3
fa9bf01642e8ced6bfed93893a41d09c0a3aa69e,"06/06/2015, 07:51:14",file_ 95,8,0,4,0,6,0,0,0,0,14
c0fbd3a136bdb6e09b14a1d892ee2b501a0f0d6f,"06/06/2015, 15:48:12",file_ 95,2,0,0,0,1,0,0,0,0,16
0723a821980b4dd33c5beee8e7c65a09e6fa3edc,"06/11/2015, 08:23:46",file_ 95,4,0,2,0,3,0,0,0,0,18
8a8ac96d0540933cba208146059b4b30df55fe12,"04/13/2016, 06:27:17",file_ 95,2,0,0,0,1,0,0,0,0,26
834840ea1987a2104e2a8573fec0f33992d9673a,"01/19/2017, 15:24:39",file_ 95,4,0,2,0,3,0,0,0,0,31
218eb7494c010b6f5a6343e9bca9fa9212664b50,"03/02/2017, 15:32:07",file_ 95,2,0,0,0,1,0,0,0,0,32
f5273a106ca24a3a01d697644296f6b6dc5ac3bc,"01/27/2014, 12:57:16",file_ 101,0,0,0,0,0,1,0,0,0,1
24e2e3f4f8b83c9f2fd2593eef8fecab261967ef,"06/21/2015, 11:04:07",file_ 101,0,0,0,0,0,2,0,0,0,7
f5273a106ca24a3a01d697644296f6b6dc5ac3bc,"01/27/2014, 12:57:16",file_ 102,3,0,1,2,2,0,0,0,0,1
a5ac417b96fc2981e61426dd012d29cef5b10b5e,"01/27/2014, 13:06:09",file_ 102,3,0,1,1,2,0,0,0,0,2
ffbaf386def0f71ca8da2cc529b3a6ddfc3f3569,"01/27/2014, 13:07:04",file_ 102,3,0,1,2,2,0,0,0,0,3
f42a28c0185dab01e1dba974d5ce70eb8518b9f2,"01/30/2014, 15:05:30",file_ 102,4,0,1,2,2,0,0,0,0,4
f0988bbb386c8ed6a95f0a324cfe76d540e2d901,"02/17/2014, 06:09:53",file_ 102,4,0,1,1,2,0,0,0,0,7
3f1513b1c346e22803d2afc5ca4ffd8780cea27d,"02/17/2014, 09:28:30",file_ 102,3,0,1,1,2,0,0,0,0,8
da201a07b1102bdd65b33f12a19da44383caf2f5,"04/13/2014, 23:09:22",file_ 102,4,0,1,1,2,0,0,0,0,18
4c217d691b157acce126f9b35dba9d54485f1997,"04/22/2014, 12:05:41",file_ 102,3,0,1,1,2,0,0,0,0,19
4ee6330566a1be66bb3b3ece30b9b873cc26d934,"05/09/2014, 12:05:20",file_ 102,3,1,1,2,2,0,0,0,0,20
890c2c5d2817bb62800874d303b6002d4ad0b4a6,"06/06/2014, 20:02:44",file_ 102,4,1,1,2,2,0,0,0,0,22
38bc64d47087bbe74f004288d088987a0a3d66a8,"06/07/2014, 16:29:27",file_ 102,5,1,1,2,2,0,0,0,0,26
40205c0ec4b59262a3c9ce4ac065b2196f498195,"06/07/2014, 17:40:05",file_ 102,4,1,1,2,2,0,0,0,0,27
74457fda635615bbcc81ad2ee6e092f72a72c14f,"06/22/2014, 11:11:35",file_ 102,3,1,1,2,2,0,0,0,0,31
009425c12117f419d1de93e54b46282e775a7289,"08/02/2014, 16:47:40",file_ 102,4,1,1,2,2,0,0,0,0,32
622dc57b427683475dd691b0847f84e10e8fe089,"09/06/2014, 20:23:23",file_ 102,4,1,1,2,3,1,0,0,0,35
24e2e3f4f8b83c9f2fd2593eef8fecab261967ef,"06/21/2015, 11:04:07",file_ 102,8,2,2,4,6,2,0,0,0,46
5c584abbb7ba086d4b862753e98905412a496253,"04/14/2016, 22:47:29",file_ 102,4,1,2,2,3,1,0,0,0,74
1f85daf259752cb6882858c2b93a13fef02a090e,"04/20/2016, 17:37:50",file_ 102,4,1,1,2,3,1,0,0,0,75
4391cc7f58184d610d07143839aa37ae0f798304,"05/26/2016, 08:38:56",file_ 102,4,1,2,2,3,1,0,0,0,77
a4bf4be98286c1614c886876339e2044d0208a32,"09/27/2016, 06:10:47",file_ 102,5,1,2,2,3,1,0,0,0,92
a86c4e53822eedc420f81a763cc43820d0bc29cd,"11/27/2016, 09:52:03",file_ 102,5,1,2,2,4,1,0,0,0,94
0e9b9619e242d976a7e787ab48e373762dcb648c,"05/09/2018, 01:24:58",file_ 102,5,2,2,2,4,1,0,0,0,98
04d63b4de90ef5af17a711dbccbff55576c38921,"05/12/2018, 10:20:25",file_ 102,5,1,2,2,4,1,0,0,0,99
a2fb1244e6d84364655faebe032f509fbd2a3024,"09/08/2018, 12:55:52",file_ 102,3,0,2,1,2,1,0,0,0,115
b96156380fbf333f63ee7d6a6a88fee9f2ea9824,"05/17/2019, 06:17:16",file_ 102,2,0,2,1,2,1,0,0,0,137
2699e9e57465743ac2a6c11b03d4932939b412c7,"05/18/2019, 17:29:23",file_ 102,3,0,2,1,2,1,0,0,0,138
8f01ac32d0bfe35764b9c9d83ee61b9d326259d4,"06/16/2019, 10:14:56",file_ 102,2,0,2,1,2,1,0,0,0,140
f9e3a015d38e12cb93feccdca91529c155e5e194,"06/16/2019, 10:36:42",file_ 102,3,0,2,1,2,1,0,0,0,141
ab5b024aba7cd32b62a8aa9e9a3dbc66715553dc,"11/25/2019, 17:29:57",file_ 102,3,0,1,1,2,1,0,0,0,151
81b7b0e5fdd600ac6ef57a90045923be10d90fb9,"12/04/2019, 17:00:24",file_ 102,2,0,2,1,2,1,0,0,0,152
c416694f7d32539c2f6703b85843e737f97defd0,"02/01/2020, 08:40:57",file_ 102,3,0,1,1,2,1,0,0,0,153
07dd9b0397879f8573fff06e54c0d19c35e8060a,"03/09/2020, 14:11:23",file_ 102,3,0,2,1,2,1,0,0,0,154
9fb2cb4e803aecdeca3333b5aff1913d837b3880,"03/28/2020, 14:08:58",file_ 102,3,1,2,1,2,1,0,0,0,156
f5273a106ca24a3a01d697644296f6b6dc5ac3bc,"01/27/2014, 12:57:16",file_ 103,1,0,0,0,1,0,0,0,0,1
24e2e3f4f8b83c9f2fd2593eef8fecab261967ef,"06/21/2015, 11:04:07",file_ 103,2,0,0,0,2,0,0,0,0,6
14b65bdd4f59772d58e6d95e04679e8ec3ef5ccd,"07/10/2015, 09:10:29",file_ 103,1,0,0,0,1,0,0,0,0,7
7fcec51c9eb0893c2da610f2ca3aebf90795011d,"07/20/2015, 09:25:09",file_ 103,2,0,0,0,1,0,0,0,0,9
f5273a106ca24a3a01d697644296f6b6dc5ac3bc,"01/27/2014, 12:57:16",file_ 104,2,0,0,0,2,0,0,0,0,1
24e2e3f4f8b83c9f2fd2593eef8fecab261967ef,"06/21/2015, 11:04:07",file_ 104,4,0,0,0,4,0,0,0,0,7
0e9b9619e242d976a7e787ab48e373762dcb648c,"05/09/2018, 01:24:58",file_ 104,2,0,0,0,2,1,0,0,0,20
7f664ffd558ba68031963f63d3e23a951ba441fc,"09/07/2019, 18:02:31",file_ 104,0,0,0,0,0,1,0,0,0,30
9bd3225f17929c73cdf52e0f9eba29894f37878c,"06/16/2014, 12:45:29",file_ 105,1,0,0,0,0,0,0,0,0,1
a4835d134439c02a9e648e82a2cdfddb22e26bde,"06/20/2014, 20:30:30",file_ 105,0,0,0,0,0,0,0,0,0,2
70e354005a44e973e7e82fc996c3bde9030b2d97,"08/22/2015, 21:20:29",file_ 106,1,0,1,0,1,0,0,0,0,1
516bfb837a517d0e7d79492747aeb3873e89a0f6,"10/09/2015, 20:04:13",file_ 106,0,0,0,0,0,0,0,0,0,4
e0dd2f08ef9f7c30a14b34fae994f53c15f9dd3a,"05/08/2016, 17:36:52",file_ 106,1,0,1,0,1,0,0,0,0,8
562db9bd3b94c427ecb343b7f9c968956e2bdc73,"09/19/2015, 11:10:25",file_ 107,0,0,0,0,0,1,0,0,0,1
3a516ab20529e42141d2735ebe341598525b7bd3,"11/06/2015, 09:09:53",file_ 107,0,0,0,0,0,0,0,0,0,2
6f93adc3b05ed03b809ab17f58f631855ba61d06,"05/09/2016, 14:30:02",file_ 107,0,0,0,0,0,1,0,0,0,10
be6564ea49b96b9776c53f627a49683ec2687ce5,"09/29/2018, 04:05:46",file_ 107,1,0,0,0,0,1,0,0,0,64
543f76a930b22508506c462e8b8bd686f1cc442a,"12/03/2018, 14:02:50",file_ 107,0,0,0,0,0,1,0,0,0,65
360142e502d597e54ee076c15ec43e0f9ed1f7fa,"04/12/2016, 18:20:49",file_ 108,0,1,0,0,0,1,0,0,0,1
d8324fbd374b2d7d855f4857c8071773c825ef63,"11/01/2017, 09:39:50",file_ 108,0,2,0,0,0,1,0,0,0,19
0c384dfc410afc06bd585069f4bf00dda1ce1bd5,"11/01/2017, 09:39:50",file_ 108,0,1,0,0,0,1,0,0,0,20
4789e42043079d81f2cb77ea859036689dbb91ee,"05/29/2016, 18:55:46",file_ 109,1,0,0,0,1,0,0,0,0,1
100e778c598d6e2e5968d7ba8f44b781a33ddb77,"09/22/2016, 09:04:13",file_ 110,2,0,2,0,2,0,0,0,0,1
5b2d40226186bba949b59cfe908fb3b0463075f5,"10/16/2017, 05:23:39",file_ 110,1,0,0,0,1,0,0,0,0,25
a7ab2b9b53c88a9020babcd547d6d71279fba087,"12/13/2017, 10:49:18",file_ 110,1,0,0,0,1,1,0,0,0,29
60e7d531bf85dd81300af0e846ce792f9ba03011,"01/11/2019, 14:42:55",file_ 110,2,0,0,0,1,1,0,0,0,59
63097b45bac9449d3529bdecfdae2c1bcdaf834a,"01/14/2019, 17:10:47",file_ 110,2,0,1,0,1,1,0,0,0,63
16c780b0e77d96ecfb511f38330989f813a00ae3,"02/14/2019, 15:54:20",file_ 110,1,0,0,0,1,1,0,0,0,70
0420aab0b00a6fc29d28f46f374fe566df8a0ed9,"02/14/2019, 16:01:33",file_ 110,2,0,1,0,1,1,0,0,0,71
c8bf92a67e0b7e8094da52bab3f0c63fb7f824bb,"02/15/2019, 08:49:38",file_ 110,1,0,0,0,1,1,0,0,0,74
527d32472db7e6c021afc2aa510648182733cf78,"03/12/2019, 15:11:27",file_ 110,2,0,1,0,1,1,0,0,0,75
e19a9c83ca5af3efb41019e4770585a7f8984a2b,"05/06/2019, 09:54:54",file_ 110,1,0,0,0,1,1,0,0,0,80
f758fbcecb75327fbecb1d36b80c0c7d19c46cd2,"05/18/2019, 17:28:30",file_ 110,2,0,1,0,1,1,0,0,0,81
bec7a7cd934bf138603759b1b0ba223696a41765,"10/14/2019, 06:31:32",file_ 110,1,0,0,0,1,1,0,0,0,84
54e69fc09d0dc1809b2fe9cdc71cce9636d722b0,"11/28/2019, 07:28:03",file_ 110,2,0,1,0,1,1,0,0,0,87
75107d91a3dd21d4773a24edcab13d4a43189df3,"12/30/2016, 14:31:15",file_ 111,1,0,1,0,0,0,0,0,0,1
afb88b42634389e9b4a943f3a007731f9478e8e9,"12/05/2019, 07:12:49",file_ 111,1,0,1,0,1,0,0,0,0,41
aa6b8700c5682e7a0d42742927a45f3c37f43da1,"12/30/2016, 14:32:32",file_ 112,1,0,1,0,1,0,0,0,0,1
f099846db1e717bc0376e74ee40f02c4befc50b4,"12/30/2016, 14:52:44",file_ 113,1,0,0,0,1,1,0,0,0,1
e0b6081b289c4f813c31d50c78c753df8f95e4c5,"12/14/2017, 11:36:01",file_ 113,1,0,0,0,0,1,0,0,0,13
f8b268623d7f555362e502cfd814c474808286fd,"02/15/2019, 08:13:55",file_ 113,1,0,0,0,1,1,0,0,0,26
96d4ec40751a6c0f5f2ccdb1e1662913065cadac,"02/20/2019, 11:29:15",file_ 113,1,0,0,0,0,1,0,0,0,29
d48a29a91606c9ccdc2ff84cf7ef6859283e8326,"03/12/2019, 15:17:17",file_ 113,1,0,0,0,1,1,0,0,0,31
3ce79e59eba8399f667e679d47b2a9aabdf94c02,"06/06/2019, 15:24:06",file_ 113,1,0,1,0,1,1,0,0,0,32
26f5fc2febe78ca485f892852b0ef91401445186,"06/28/2019, 14:07:22",file_ 113,1,0,0,0,1,1,0,0,0,34
29fe79fd73a66acb0033dea18927360ea535f552,"11/17/2019, 17:46:23",file_ 113,1,0,1,0,1,1,0,0,0,36
77c498a265fb170fd749a4b0d6edae4d64a221b1,"02/01/2017, 09:19:37",file_ 114,0,0,0,0,0,1,0,0,0,1
77c498a265fb170fd749a4b0d6edae4d64a221b1,"02/01/2017, 09:19:37",file_ 115,5,1,2,2,4,1,0,0,0,1
11368f54ba89b3c892b1144f922486c815f5ec1e,"02/01/2017, 10:01:55",file_ 115,5,2,2,2,4,1,0,0,0,3
47ae1054dcdf8bcb85ac035579405f537d8bc967,"02/01/2017, 10:24:47",file_ 115,5,1,2,2,4,1,0,0,0,4
d14de23991228d824251b59bdbcccedc9d13126a,"02/02/2017, 12:00:23",file_ 115,5,2,2,2,4,1,0,0,0,9
2de34676d9ac7737c8eda5528d8d1e09f68c9872,"02/02/2017, 12:01:57",file_ 115,5,1,2,2,4,1,0,0,0,10
ba7a9e30f9eebc91eac3fd342595b200182e4e2b,"11/01/2017, 09:39:35",file_ 115,5,2,2,2,4,1,0,0,0,15
ee271a333691373592d2457fc5625a6e263d2abd,"11/01/2017, 09:39:35",file_ 115,5,1,2,2,4,1,0,0,0,16
3a935ac5a4b77c7da892ed89bd368c0eb3afa496,"11/02/2017, 09:30:45",file_ 115,4,1,2,2,4,1,0,0,0,22
54783249929ac5c6ec457b20953b36a90b8a298f,"04/11/2018, 07:28:47",file_ 115,5,1,2,2,4,1,0,0,0,40
77c498a265fb170fd749a4b0d6edae4d64a221b1,"02/01/2017, 09:19:37",file_ 116,2,0,0,0,1,0,0,0,0,1
77c498a265fb170fd749a4b0d6edae4d64a221b1,"02/01/2017, 09:19:37",file_ 117,2,0,0,0,2,0,0,0,0,1
3a935ac5a4b77c7da892ed89bd368c0eb3afa496,"11/02/2017, 09:30:45",file_ 117,2,0,0,0,2,1,0,0,0,15
459975bb34fdee25c7e23e147ddc79001b356f29,"02/01/2017, 11:09:28",file_ 118,2,0,0,0,1,0,0,0,0,1
fb2c23322617d400875cc58d33d29a15a6232d4c,"02/20/2017, 19:59:31",file_ 119,0,0,0,0,0,1,0,0,0,1
c23c1733b3ddc301701c3ac66e9a0378f4b22f8e,"05/22/2017, 20:33:42",file_ 122,1,0,0,0,0,0,0,0,0,1
72dad4a437c6d0b65772e7ffe97ea2f185ba9193,"12/03/2019, 11:05:33",file_ 122,1,0,0,0,1,0,0,0,0,21
ba7a9e30f9eebc91eac3fd342595b200182e4e2b,"11/01/2017, 09:39:35",file_ 123,2,0,0,0,1,0,0,0,0,1
1e785614db4999b70920900abdac062923c2e07f,"12/11/2017, 14:18:03",file_ 124,0,0,1,0,0,0,0,0,0,1
22fd16a0e8acf68344b5d5f58eabdf66eb553e2a,"12/14/2017, 10:22:56",file_ 125,1,0,0,0,0,0,0,0,0,1
c7893b846b82f51487046338d6cd5b24a2379b0d,"12/16/2017, 10:14:34",file_ 126,0,0,0,0,0,1,0,0,0,1
98d9e8d88d9403162a5a5a299a6a08e7645983cc,"01/02/2018, 08:48:51",file_ 127,0,0,0,0,0,1,0,0,0,1
d10340fc74cece448b695b39b53e002b8e79a255,"07/06/2018, 11:51:25",file_ 127,0,0,0,0,0,0,0,0,0,6
e284d8ef1172f021a0bb0c31ebbad5cf69dc283a,"01/18/2019, 15:09:41",file_ 127,0,0,0,0,0,1,0,0,0,8
3ce79e59eba8399f667e679d47b2a9aabdf94c02,"06/06/2019, 15:24:06",file_ 127,0,0,0,0,0,0,0,0,0,10
516ae73eb8a7e676a47a2b3906113658dadaf8a5,"01/14/2018, 16:23:22",file_ 128,0,0,1,0,0,0,0,0,0,1
fdfd48c9798afd508a234590fc041261f9a35cc6,"01/14/2018, 16:23:22",file_ 129,0,0,1,0,0,0,0,0,0,1
c4779ba79fa549f6564717d1bcd25256261bfd52,"02/21/2018, 14:34:58",file_ 130,0,0,0,0,0,1,0,0,0,1
41c75847e0a7e7df2e0eba6b6edf4d1b99da3103,"02/21/2018, 14:46:15",file_ 131,0,0,0,0,0,1,0,0,0,1
31cb85728ea7ce215acd3917dd30407ff2e9b8e2,"04/30/2018, 21:57:35",file_ 132,0,0,0,0,0,1,0,0,0,1
50f660b968bd8d4001bce038e566ae216c25ae3a,"05/10/2018, 09:56:04",file_ 132,0,0,0,0,0,0,0,0,0,2
c655a5dfd4ce46e12a27335a9ef170224fb0a992,"11/26/2018, 13:31:57",file_ 132,0,0,0,0,0,1,0,0,0,12
c56c431ed4e18551ec072d925cb7b45330accbcd,"11/26/2018, 13:31:57",file_ 132,1,0,0,0,0,0,0,0,0,13
d296261108362d91f023e36d598855170e98d112,"11/26/2018, 13:31:57",file_ 132,0,0,0,0,0,0,0,0,0,14
4fc1b45ecf71a1ca9e964fa90d9b0a03d3d630fb,"12/24/2018, 14:31:18",file_ 132,0,0,0,0,0,1,0,0,0,20
81c817e0b7f38747c738582af865510d82c233a3,"12/24/2018, 14:31:18",file_ 132,0,0,0,0,0,0,0,0,0,35
5be59179ea16b7caa76c954a4a69dc5ecb436c8e,"01/06/2019, 17:11:01",file_ 132,1,0,0,0,0,0,0,0,0,39
50215480343af1d9253476018828dab9f1ab291e,"01/14/2019, 17:10:47",file_ 132,1,0,0,0,1,0,0,0,0,45
e284d8ef1172f021a0bb0c31ebbad5cf69dc283a,"01/18/2019, 15:09:41",file_ 132,1,0,0,0,1,1,0,0,0,47
3ce79e59eba8399f667e679d47b2a9aabdf94c02,"06/06/2019, 15:24:06",file_ 132,1,0,0,0,1,0,0,0,0,56
cdb9cbcd79ee45558ae2b16e51943d0950b27ae3,"04/21/2020, 16:43:41",file_ 132,1,0,0,0,1,1,0,0,0,59
0e9b9619e242d976a7e787ab48e373762dcb648c,"05/09/2018, 01:24:58",file_ 133,2,0,0,0,1,0,0,0,0,1
0e9b9619e242d976a7e787ab48e373762dcb648c,"05/09/2018, 01:24:58",file_ 134,0,0,0,0,0,1,0,0,0,1
0e9b9619e242d976a7e787ab48e373762dcb648c,"05/09/2018, 01:24:58",file_ 135,0,1,0,0,0,1,0,0,0,1
9b263edf6c7f85735baca893726d4c7e29867566,"06/07/2018, 15:00:08",file_ 136,0,0,1,0,0,0,0,0,0,1
0a25ecb464ad7c35febe20a283ad364f2a2cd75c,"06/07/2018, 15:00:08",file_ 137,1,0,1,0,1,0,0,0,0,1
84d01bbef3a3d3469bed9c5a94a6dfef56862c3a,"06/07/2018, 15:00:08",file_ 137,1,0,0,0,0,0,0,0,0,3
bcb4c788c7872cd2f885ccf50285f6feb7cfff1a,"06/10/2018, 14:04:06",file_ 137,0,0,0,0,0,0,0,0,0,5
0fb435b977ab103082311a121c8e8976f77eb1d2,"08/07/2018, 08:32:23",file_ 137,1,0,0,0,0,0,0,0,0,6
1affd8cc2fa0a5b627159dda168254e96663f416,"08/07/2018, 08:32:25",file_ 137,1,0,1,0,1,0,0,0,0,7
2be869560544cee882788992056aae8e7e660ca7,"08/07/2018, 08:32:27",file_ 137,0,0,0,0,0,0,0,0,0,9
76241c5466857227ca74ae3b3ef24e1de71f3b96,"06/24/2018, 08:46:04",file_ 138,0,0,0,0,0,1,0,0,0,1
76241c5466857227ca74ae3b3ef24e1de71f3b96,"06/24/2018, 08:46:04",file_ 139,0,0,2,0,0,0,0,0,0,1
46c90226c286c6cf7a1741eac3950aa766a57ab2,"09/07/2018, 13:58:36",file_ 140,0,1,2,0,0,1,1,0,0,1
bb1d5aa179c606af9b4c0ffdab59d8601b96552d,"11/19/2018, 11:34:00",file_ 140,0,1,1,0,0,1,1,0,0,9
bac4fa595391a62963fa6c20562d98d9b1b5061d,"11/19/2018, 18:01:24",file_ 140,0,1,2,0,0,1,1,0,0,12
297588872f45c322e44e0feba93e3d13e6af389a,"11/29/2018, 06:58:15",file_ 140,0,1,1,0,0,1,1,0,0,15
5a5b98270af07b7da746cd8eb08d349d677c29ff,"12/02/2018, 08:21:20",file_ 140,0,1,2,0,0,1,1,0,0,17
f4c95529a19499f57ff2551f886778091b83e647,"12/24/2018, 14:31:18",file_ 140,0,1,1,0,0,1,1,0,0,18
689a81dae20c15a7ed177bf6bf07457c9e3b038c,"01/22/2019, 14:54:19",file_ 140,0,1,1,0,0,1,0,0,0,20
ca165740350f32e92ab37338848707bcd8ce8479,"02/05/2019, 15:59:24",file_ 140,0,1,2,0,0,1,1,0,0,21
6205f335954d00fa01992fe324a7eefbc954449e,"02/05/2019, 16:55:33",file_ 140,0,1,1,0,0,1,0,0,0,22
bdfd54b52ad934a4b1f3d5bdb4ab224998d4fcfb,"03/06/2019, 06:22:56",file_ 140,0,1,2,0,0,1,1,0,0,23
1aa7e6aa97cc61069c95ed8b1423ab9c665b1f17,"03/06/2019, 06:53:20",file_ 140,0,1,1,0,0,1,0,0,0,27
cf2d0076dc9b3634efebb59580d9f1fe13548b55,"02/20/2020, 10:02:38",file_ 140,0,1,1,0,0,1,1,0,0,43
1a31fa01728d45c8e0fc510a816f48f29d9c9e22,"04/07/2020, 08:35:18",file_ 140,0,1,1,0,0,1,2,0,0,52
ffed11002ed549957164f7d7de3442fa67dd382a,"04/07/2020, 08:35:18",file_ 140,0,1,1,0,0,1,3,0,0,53
46c90226c286c6cf7a1741eac3950aa766a57ab2,"09/07/2018, 13:58:36",file_ 141,0,0,1,0,0,0,0,0,0,1
46c90226c286c6cf7a1741eac3950aa766a57ab2,"09/07/2018, 13:58:36",file_ 142,0,1,0,0,0,1,0,0,0,1
46c90226c286c6cf7a1741eac3950aa766a57ab2,"09/07/2018, 13:58:36",file_ 143,0,0,0,0,0,1,0,0,0,1
46c90226c286c6cf7a1741eac3950aa766a57ab2,"09/07/2018, 13:58:36",file_ 144,0,0,0,0,0,1,0,0,0,1
a14cdde638324ebce4ed7ceda6b6657888db6e5f,"04/27/2019, 14:57:33",file_ 144,0,1,0,0,0,1,0,0,0,18
46c90226c286c6cf7a1741eac3950aa766a57ab2,"09/07/2018, 13:58:36",file_ 145,0,0,3,0,0,1,0,0,0,1
952160e0c4406a66814b51f19161b1098158f08e,"09/08/2018, 08:46:31",file_ 145,0,1,3,0,0,1,0,0,0,2
d173bf1e22e8be1b69c87eb03f301ed0feb3486e,"10/09/2018, 07:55:02",file_ 145,0,0,3,0,0,1,0,0,0,4
f8d1091a2aacc1096fc5fa0172f2060a4521fd05,"01/03/2019, 07:22:02",file_ 145,0,1,3,0,0,1,0,0,0,9
e0104e817faefc3d2dbbffbd2d813985399e492f,"01/11/2019, 07:09:29",file_ 145,0,1,4,0,0,1,0,0,0,10
17a8efee3415520a43054183fe82d55fb53e69db,"01/17/2019, 06:43:32",file_ 145,0,0,3,0,0,1,0,0,0,11
389fa37d2da35433f7e6390b601908e710d75eb6,"01/17/2019, 17:41:22",file_ 145,0,1,4,0,0,1,0,0,0,12
5607fa4f196bf155a2905b06688c523e37072ed1,"05/28/2019, 13:40:51",file_ 145,0,1,3,0,0,1,0,0,0,19
930906229e3a30d17224cd4a173565faf0952c53,"09/07/2019, 16:28:25",file_ 145,0,1,4,0,0,1,0,0,0,21
46c90226c286c6cf7a1741eac3950aa766a57ab2,"09/07/2018, 13:58:36",file_ 146,0,0,0,0,0,0,1,0,0,1
952160e0c4406a66814b51f19161b1098158f08e,"09/08/2018, 08:46:31",file_ 147,0,1,0,0,0,1,0,0,0,1
952160e0c4406a66814b51f19161b1098158f08e,"09/08/2018, 08:46:31",file_ 148,0,0,0,0,0,1,0,0,0,1
952160e0c4406a66814b51f19161b1098158f08e,"09/08/2018, 08:46:31",file_ 149,0,0,1,0,0,0,0,0,0,1
a2fb1244e6d84364655faebe032f509fbd2a3024,"09/08/2018, 12:55:52",file_ 150,2,0,0,1,2,0,0,0,0,1
5c4407ef1fcd562f15bad66c1862ec00cb42264c,"04/30/2019, 15:54:21",file_ 150,1,0,0,1,1,0,0,0,0,9
73ece9281b571e50ad948a4d38c87a2edf77f860,"06/06/2019, 09:20:44",file_ 150,1,0,1,1,1,0,0,0,0,16
e11397fed729bfef7a9c76f7b193c27ad5710f6b,"07/27/2019, 07:00:17",file_ 150,2,0,0,1,2,0,0,0,0,17
29fe79fd73a66acb0033dea18927360ea535f552,"11/17/2019, 17:46:23",file_ 150,1,0,0,1,1,0,0,0,0,19
e87699c6c9a24b0ccbad9878776a7b4aaf9a374e,"09/08/2018, 12:55:52",file_ 151,0,0,0,0,0,1,0,0,0,1
755c1a88c31a5dc4b5f50508fb7adbf156c8f67e,"09/08/2018, 13:48:05",file_ 152,1,0,0,0,0,0,0,0,0,1
17c09b33ac5d9cad1459ace0ae7b1f942d1e9afd,"11/19/2018, 13:06:20",file_ 153,0,0,0,0,0,1,0,0,0,1
81c817e0b7f38747c738582af865510d82c233a3,"12/24/2018, 14:31:18",file_ 154,0,0,0,0,0,1,0,0,0,1
3da40563b56f5245b8b1855fe93eed4c4b50ab55,"03/15/2019, 08:39:24",file_ 154,1,0,0,0,0,1,0,0,0,18
68ecfe05670e3a99967104c8f1c703025e675395,"04/15/2019, 08:25:45",file_ 155,1,0,1,0,1,1,0,0,0,1
264b1b2a4dbf12ad81e6520b1c4e9fa72c28aed5,"04/25/2019, 19:24:30",file_ 155,1,0,1,0,1,0,0,0,0,2
6d0937ce03d9bc0bbb48d0ab5a44e4e2ae061c3a,"04/27/2019, 10:39:31",file_ 155,2,0,1,0,1,0,0,0,0,3
c5c6cbe49e497b0804ea7910e430e4750bdc75f4,"04/27/2019, 10:39:31",file_ 155,0,0,1,0,0,0,0,0,0,5
d484ce1ce091d8615c598cc05e013054ad4cd002,"11/19/2019, 17:34:28",file_ 155,0,0,1,0,0,1,0,0,0,9
a194e8b46b15092d0261ed76a33ba9611dcd7349,"04/24/2019, 07:48:04",file_ 156,2,0,0,0,1,0,0,0,0,1
0da204ae2f3bfdc1e3a94c69ffcfd22c4db61c87,"04/24/2019, 08:55:51",file_ 156,1,0,0,0,0,0,0,0,0,4
5c4407ef1fcd562f15bad66c1862ec00cb42264c,"04/30/2019, 15:54:21",file_ 157,1,0,0,0,0,0,0,0,0,1
bea32e40caca1b44aec6f26451d86d189cdb3199,"05/19/2019, 11:31:11",file_ 157,0,0,0,0,0,0,0,0,0,6
0b213c929c9df6b34c949f7eedad1e5e126d8ba6,"09/07/2019, 16:28:25",file_ 158,1,0,0,0,1,0,0,0,0,1
c55e6f781c50ba1691574ff804312c6122f23391,"09/07/2019, 16:28:25",file_ 158,2,0,0,0,1,0,0,0,0,2
930906229e3a30d17224cd4a173565faf0952c53,"09/07/2019, 16:28:25",file_ 158,3,0,0,0,2,0,0,0,0,3
7f664ffd558ba68031963f63d3e23a951ba441fc,"09/07/2019, 18:02:31",file_ 159,0,0,0,0,0,0,1,0,0,1
d7be496174dcb341caa74b43210e6902cf33739f,"09/08/2019, 08:55:37",file_ 160,3,0,0,0,2,0,0,0,0,1
b083649ad5918ffc3b58cb91e759cd3b6414bda3,"11/25/2019, 15:39:18",file_ 160,2,0,0,0,2,0,0,0,0,9
89ec093b537ef656083acaf7321597e39a88237a,"10/28/2019, 08:05:59",file_ 161,0,1,4,0,0,1,0,0,0,1
e6e0ad16bd72396afad4e8cf111369a8a89e8fe4,"10/28/2019, 13:40:46",file_ 162,0,0,0,0,0,1,0,0,0,1
93dc317e786affbcf20c3b58d186fb77f9c18fc1,"01/22/2020, 10:57:04",file_ 163,1,0,0,0,0,1,0,0,0,1
48948e645191e331de64d86773489e5391282f50,"01/24/2020, 11:37:41",file_ 164,0,0,0,1,0,0,0,0,0,1
d8d708b5d53a08e889480806a8afbe85a128a30e,"01/24/2020, 11:37:41",file_ 165,0,0,0,1,0,1,0,0,0,1
cd7c53d1e1cad1f774bb4981b311eba5921cf7b9,"01/24/2020, 11:37:41",file_ 166,0,0,0,1,0,1,0,0,0,1
079080538540c77238c790ac842af797125beace,"01/24/2020, 11:37:41",file_ 167,6,1,2,0,3,1,0,0,0,1
41a9819311a294d71acddb4776c5ff48d6e31531,"01/24/2020, 11:37:41",file_ 167,5,0,2,0,2,1,0,0,0,3
c388019d86893748fe4d0214212efaf76d727437,"01/24/2020, 11:37:41",file_ 167,6,1,2,0,3,1,0,0,0,4
39e98684dfb64ecc97b3e72567e3b2c5487ed297,"01/24/2020, 11:37:41",file_ 167,5,0,2,0,2,1,0,0,0,8
ba43a11bda78ea8fdfaf00d98dd13a9830ea88b9,"01/24/2020, 11:37:41",file_ 167,0,0,0,1,0,1,0,0,0,9
079080538540c77238c790ac842af797125beace,"01/24/2020, 11:37:41",file_ 168,0,0,0,1,0,1,0,0,0,1
079080538540c77238c790ac842af797125beace,"01/24/2020, 11:37:41",file_ 169,0,0,0,1,0,0,0,0,0,1
41a9819311a294d71acddb4776c5ff48d6e31531,"01/24/2020, 11:37:41",file_ 170,0,0,0,1,0,0,0,0,0,1
949b53905665901a1ca6798889f6f73e386ddced,"01/24/2020, 11:37:41",file_ 171,0,0,0,1,0,0,0,0,0,1
a254440ecc0023b24ed1fda830a1789ee7e413b7,"01/24/2020, 11:37:41",file_ 172,0,0,0,1,0,0,0,0,0,1
39e98684dfb64ecc97b3e72567e3b2c5487ed297,"01/24/2020, 11:37:41",file_ 173,1,0,0,0,0,0,0,0,0,1
ba43a11bda78ea8fdfaf00d98dd13a9830ea88b9,"01/24/2020, 11:37:41",file_ 174,5,0,2,0,2,1,0,0,0,1
89dd7ceb49ee0150da4a2dcf4a5b2073e0100c91,"03/06/2020, 13:28:56",file_ 175,0,1,0,1,0,0,0,0,0,1
89dd7ceb49ee0150da4a2dcf4a5b2073e0100c91,"03/06/2020, 13:28:56",file_ 176,1,0,1,0,1,0,0,0,0,1
c81db31b9c74e862a4fc4954a96e4600b387c864,"03/06/2020, 13:28:56",file_ 177,1,0,1,0,1,0,0,0,0,1
