Commit id,CyclomaticComplexity,ExcessiveClassLength,ExcessiveMethodLength,ExcessiveParameterList,NPathComplexity,CouplingBetweenObjects,EmptyCatchBlock,DepthOfInheritance,GotoStatement
1,0,1,0,0,0,0,0,0,0
2,0,1,0,0,0,0,0,0,0
3,0,1,0,0,0,0,0,0,0
4,0,1,0,0,0,0,0,0,0
5,0,1,0,0,0,0,0,0,0
6,0,1,0,0,0,0,0,0,0
7,0,1,0,0,0,0,0,0,0
8,0,1,0,0,0,0,0,0,0
9,0,1,0,0,0,0,0,0,0
10,0,1,0,0,0,0,0,0,0
11,0,1,0,0,0,0,0,0,0
12,0,1,0,0,0,0,0,0,0
13,0,1,0,0,0,0,0,0,0
14,0,1,0,0,0,0,0,0,0
15,0,1,0,0,0,0,0,0,0
16,0,1,0,0,0,0,0,0,0
17,0,1,0,0,0,0,0,0,0
18,0,1,0,0,0,0,0,0,0
19,0,1,0,0,0,0,0,0,0
20,0,1,0,0,0,0,0,0,0
21,0,1,0,0,0,0,0,0,0
22,0,1,0,0,0,0,0,0,0
23,0,0,0,0,0,0,0,0,0
24,0,0,0,0,0,0,0,0,0
25,0,1,0,0,0,0,0,0,0
26,0,1,0,0,0,0,0,0,0
27,0,1,0,0,0,0,0,0,0
28,0,1,0,0,0,0,0,0,0
29,0,1,0,0,0,0,0,0,0
30,0,1,0,0,0,0,0,0,0
31,0,1,0,0,0,0,0,0,0
32,1,1,0,0,1,0,0,0,0
33,1,1,0,0,1,0,0,0,0
34,1,1,0,0,1,0,0,0,0
35,1,1,0,0,1,0,0,0,0
36,1,1,0,0,1,0,0,0,0
37,1,1,0,0,1,0,0,0,0
38,1,1,0,0,1,0,0,0,0
39,1,1,0,0,1,0,0,0,0
40,1,1,0,0,1,0,0,0,0
41,1,1,0,0,1,0,0,0,0
42,1,1,0,0,1,0,0,0,0
43,1,1,0,0,1,0,0,0,0
44,1,1,0,0,1,0,0,0,0
45,1,1,0,0,1,0,0,0,0
46,1,1,0,0,1,0,0,0,0
47,1,1,0,0,1,0,0,0,0
48,0,1,0,0,0,0,0,0,0
49,1,1,0,0,1,0,0,0,0
50,1,1,0,0,1,0,0,0,0
51,1,1,0,0,1,0,0,0,0
52,1,1,0,0,1,0,0,0,0
53,1,1,0,0,1,0,0,0,0
54,1,1,0,0,1,0,0,0,0
55,1,1,0,0,1,0,0,0,0
56,1,1,0,0,1,0,0,0,0
57,1,1,0,0,1,0,0,0,0
58,1,1,0,0,1,0,0,0,0
59,1,1,0,0,1,0,0,0,0
60,1,1,0,0,1,0,0,0,0
61,1,1,0,0,1,0,0,0,0
62,1,1,0,0,1,0,0,0,0
63,1,1,0,0,1,0,0,0,0
64,1,1,0,0,1,0,0,0,0
65,1,1,0,0,1,0,0,0,0
66,0,1,0,0,0,0,0,0,0
67,2,1,0,0,1,0,0,0,0
68,1,1,0,0,1,1,0,0,0
69,1,1,0,0,1,1,0,0,0
70,1,1,0,0,1,1,0,0,0
71,1,1,0,0,1,1,0,0,0
72,1,1,0,0,1,1,0,0,0
73,1,1,0,0,1,1,0,0,0
74,1,1,0,0,1,1,0,0,0
75,1,1,0,0,1,1,0,0,0
76,0,1,0,0,0,0,0,0,0
77,1,1,0,0,1,1,0,0,0
78,1,1,0,0,1,1,0,0,0
79,1,1,0,0,1,1,0,0,0
80,1,1,0,0,1,1,0,0,0
81,1,1,0,0,1,1,0,0,0
82,1,1,0,0,1,1,0,0,0
83,1,1,0,0,1,0,0,0,0
84,1,1,0,0,1,1,0,0,0
85,1,1,0,0,1,1,0,0,0
86,1,1,0,0,1,1,0,0,0
87,1,1,0,0,1,1,0,0,0
88,1,1,0,0,1,1,0,0,0
89,1,1,0,0,1,1,0,0,0
90,1,1,0,0,1,1,0,0,0
91,1,1,0,0,1,1,0,0,0
92,0,1,0,0,0,0,0,0,0
93,0,1,0,0,0,0,0,0,0
94,0,1,0,0,0,0,0,0,0
95,1,1,0,0,1,1,0,0,0
96,1,1,0,0,1,1,0,0,0
97,1,1,0,0,1,1,0,0,0
98,0,1,0,0,0,0,0,0,0
99,1,1,0,0,1,1,0,0,0
100,1,1,0,0,1,1,0,0,0
101,1,1,0,0,1,1,0,0,0
102,1,1,0,0,1,1,0,0,0
103,1,1,0,0,1,1,0,0,0
104,1,1,0,0,1,1,0,0,0
105,1,1,0,0,1,1,0,0,0
106,1,1,0,0,1,1,0,0,0
107,1,1,0,0,1,1,0,0,0
108,1,1,0,0,1,1,0,0,0
109,1,1,0,0,1,1,0,0,0
110,1,1,0,0,1,1,0,0,0
111,1,1,0,0,1,1,0,0,0
112,1,1,0,0,1,1,0,0,0
113,1,1,0,0,1,2,0,0,0
114,1,1,0,0,1,2,0,0,0
115,1,1,0,0,1,2,0,0,0
116,1,1,0,0,1,2,0,0,0
117,1,1,0,0,1,1,0,0,0
118,1,1,0,0,1,2,0,0,0
119,1,1,0,0,1,2,0,0,0
120,1,1,0,0,1,2,0,0,0
121,1,1,0,0,1,2,0,0,0
122,1,1,0,0,1,2,0,0,0
123,1,1,0,0,1,2,0,0,0
124,1,1,0,0,1,2,0,0,0
125,1,1,0,0,1,2,0,0,0
126,0,1,0,0,0,0,0,0,0
127,1,1,0,0,1,2,0,0,0
128,1,1,0,0,1,2,0,0,0
129,1,1,0,0,1,2,0,0,0
130,1,1,0,0,1,2,0,0,0
131,1,1,0,0,1,2,0,0,0
132,1,1,0,0,1,2,0,0,0
133,1,1,0,0,1,2,0,0,0
134,1,1,0,0,1,2,0,0,0
135,1,1,0,0,1,2,0,0,0
136,1,1,0,0,1,2,0,0,0
137,2,1,0,0,1,2,0,0,0
138,2,1,0,0,1,2,0,0,0
139,2,1,0,0,1,2,0,0,0
140,2,1,0,0,1,2,0,0,0
141,2,1,0,0,1,2,0,0,0
142,2,1,0,0,1,2,0,0,0
143,2,1,0,0,1,2,0,0,0
144,2,1,0,0,1,2,0,0,0
145,2,1,0,0,1,2,0,0,0
146,2,1,0,0,1,2,0,0,0
147,2,1,0,0,1,2,0,0,0
148,2,1,0,0,1,2,0,0,0
149,2,1,0,0,1,2,0,0,0
150,2,1,0,0,1,2,0,0,0
151,2,1,0,0,1,2,0,0,0
152,2,1,0,0,1,2,0,0,0
153,2,1,0,0,1,2,0,0,0
154,2,1,0,0,1,2,0,0,0
155,2,1,0,0,1,2,0,0,0
156,2,1,0,0,1,2,0,0,0
157,2,1,0,0,1,2,0,0,0
158,2,1,0,0,1,2,0,0,0
159,0,1,0,0,0,0,0,0,0
160,0,1,0,0,0,0,0,0,0
161,2,1,0,0,1,2,0,0,0
162,2,1,0,0,1,2,0,0,0
163,2,1,0,0,1,2,0,0,0
164,2,1,0,0,1,2,0,0,0
165,2,1,0,0,1,2,0,0,0
166,2,1,0,0,1,2,0,0,0
167,2,1,0,0,1,2,0,0,0
168,2,1,0,0,1,2,0,0,0
169,2,1,0,0,1,2,0,0,0
170,2,1,0,0,1,2,0,0,0
171,2,1,0,0,1,2,0,0,0
172,2,1,0,0,1,2,0,0,0
173,2,1,0,0,1,2,0,0,0
174,2,1,0,0,1,2,0,0,0
175,2,1,0,0,1,2,0,0,0
176,2,1,0,0,1,2,0,0,0
177,2,1,0,0,1,2,0,0,0
178,2,1,0,0,1,2,0,0,0
179,2,1,0,0,1,2,0,0,0
180,2,1,0,0,1,2,0,0,0
181,2,1,0,0,1,2,0,0,0
182,2,1,0,0,1,2,0,0,0
183,2,1,0,0,1,2,0,0,0
184,2,1,0,0,1,2,0,0,0
185,2,1,0,0,1,2,0,0,0
186,2,1,0,0,1,2,0,0,0
187,2,1,0,0,1,2,0,0,0
188,2,1,0,0,1,2,0,0,0
189,2,1,0,0,1,2,0,0,0
190,2,1,0,0,1,2,0,0,0
191,2,1,0,0,1,2,0,0,0
192,2,1,0,0,1,2,0,0,0
193,2,1,0,0,1,2,0,0,0
194,15,1,0,0,9,4,1,0,0
195,15,1,0,0,9,4,1,0,0
196,15,1,0,0,9,4,1,0,0
197,15,1,0,0,9,4,1,0,0
198,15,1,0,0,9,4,1,0,0
199,15,1,0,0,9,4,1,0,0
200,2,1,0,0,1,2,0,0,0
201,11,1,0,0,7,4,1,0,0
202,11,1,0,0,7,4,1,0,0
203,11,1,0,0,7,4,1,0,0
204,11,1,0,0,7,4,1,0,0
205,11,1,0,0,7,4,1,0,0
206,11,1,0,0,7,4,1,0,0
207,11,1,0,0,7,4,1,0,0
208,18,3,0,0,13,4,2,0,0
209,18,3,0,0,13,4,2,0,0
210,18,3,0,0,13,4,2,0,0
211,18,3,0,0,13,4,2,0,0
212,18,3,0,0,13,4,2,0,0
213,18,3,0,0,13,4,2,0,0
214,18,3,0,0,13,4,2,0,0
215,18,3,0,0,13,4,2,0,0
216,11,1,0,0,7,4,1,0,0
217,11,1,0,0,7,4,1,0,0
218,11,1,0,0,7,4,1,0,0
219,11,1,0,0,7,4,1,0,0
220,11,1,0,0,7,4,1,0,0
221,11,1,0,0,7,4,1,0,0
222,11,1,0,0,7,4,1,0,0
223,11,1,0,0,7,4,1,0,0
224,11,1,0,0,7,4,1,0,0
225,18,3,0,0,13,4,2,0,0
226,11,1,0,0,7,4,1,0,0
227,11,1,0,0,7,4,1,0,0
228,11,1,0,0,7,4,1,0,0
229,11,1,0,0,7,4,1,0,0
230,18,3,0,0,13,4,2,0,0
231,18,3,0,0,13,4,2,0,0
232,11,1,0,0,7,4,1,0,0
233,11,1,0,0,7,4,1,0,0
234,11,1,0,0,7,4,1,0,0
235,18,3,0,0,13,4,2,0,0
236,11,1,0,0,7,4,1,0,0
237,11,1,0,0,7,4,1,0,0
238,12,3,2,0,7,4,1,0,0
239,12,2,2,0,7,4,1,0,0
240,12,2,2,0,7,4,1,0,0
241,12,2,2,0,7,4,1,0,0
242,11,1,0,0,7,4,1,0,0
243,11,1,0,0,7,4,1,0,0
244,12,2,2,0,7,4,1,0,0
245,12,2,2,0,7,4,1,0,0
246,12,2,2,0,7,4,1,0,0
247,12,2,2,0,7,4,1,0,0
248,18,3,0,0,13,4,2,0,0
249,12,2,2,0,7,4,1,0,0
250,12,2,2,0,7,4,1,0,0
251,12,2,2,0,7,4,1,0,0
252,12,2,2,0,7,4,1,0,0
253,12,2,2,0,7,4,1,0,0
254,12,2,2,0,7,4,1,0,0
255,12,2,2,0,7,4,1,0,0
256,12,2,2,0,7,4,1,0,0
257,12,2,2,0,7,4,1,0,0
258,12,2,2,0,7,4,1,0,0
259,12,2,2,0,7,4,1,0,0
260,12,2,2,0,7,4,1,0,0
261,12,2,2,0,7,4,1,0,0
262,12,2,2,0,7,4,1,0,0
263,12,2,2,0,7,4,1,0,0
264,12,2,2,0,7,4,1,0,0
265,14,3,4,0,9,4,1,0,0
266,11,1,0,0,7,4,1,0,0
267,14,3,4,0,9,4,1,0,0
268,14,3,4,0,9,4,1,0,0
269,14,3,4,0,9,4,1,0,0
270,14,3,4,0,9,4,1,0,0
271,14,3,4,0,9,4,1,0,0
272,14,3,4,0,9,4,1,0,0
273,11,1,0,0,7,4,1,0,0
274,21,5,4,0,15,4,2,0,0
275,21,5,4,0,15,4,2,0,0
276,14,3,4,0,9,4,1,0,0
277,21,5,4,0,15,4,2,0,0
278,21,5,4,0,15,4,2,0,0
279,21,5,4,0,15,4,2,0,0
280,14,3,4,0,9,4,1,0,0
281,14,3,4,0,9,4,1,0,0
282,21,5,4,0,15,4,2,0,0
283,21,5,4,0,15,4,2,0,0
284,21,5,4,0,15,4,2,0,0
285,21,5,4,0,15,4,2,0,0
286,21,5,4,0,15,4,2,0,0
287,21,5,4,0,15,4,2,0,0
288,21,5,4,0,15,4,2,0,0
289,21,5,4,0,15,4,2,0,0
290,21,5,4,0,15,4,2,0,0
291,21,5,4,0,15,4,2,0,0
292,11,1,0,0,7,4,1,0,0
293,11,1,0,0,7,4,1,0,0
294,21,5,4,0,15,4,2,0,0
295,21,5,4,0,15,4,2,0,0
296,1,1,0,0,1,1,0,0,0
297,21,5,4,0,15,4,2,0,0
298,11,1,0,0,7,4,1,0,0
299,21,5,4,0,15,4,2,0,0
300,11,1,0,0,7,4,1,0,0
301,11,1,0,0,7,4,1,0,0
302,11,1,0,0,7,4,1,0,0
303,11,1,0,0,7,4,1,0,0
304,11,1,0,0,7,4,1,0,0
305,21,5,4,0,15,4,2,0,0
306,21,5,4,0,15,4,2,0,0
307,21,5,4,0,15,4,2,0,0
308,21,5,4,0,15,4,2,0,0
309,21,5,4,0,15,4,2,0,0
310,21,5,4,0,15,4,2,0,0
311,21,5,4,0,15,4,2,0,0
312,21,5,4,0,15,4,2,0,0
313,21,5,4,0,15,4,2,0,0
314,21,5,4,0,15,4,2,0,0
315,21,5,4,0,15,4,2,0,0
316,21,5,4,0,15,4,2,0,0
317,21,5,4,0,15,4,2,0,0
318,21,5,4,0,15,4,2,0,0
319,11,1,0,0,7,4,1,0,0
320,11,1,0,0,7,4,1,0,0
321,21,5,4,0,15,4,2,0,0
322,21,5,4,0,15,4,2,0,0
323,21,5,4,0,15,4,2,0,0
324,21,5,4,0,15,4,2,0,0
325,21,5,4,0,15,4,2,0,0
326,11,1,0,0,7,4,1,0,0
327,21,5,4,0,15,4,2,0,0
328,21,5,4,0,15,4,2,0,0
329,21,5,4,0,15,4,2,0,0
330,21,5,4,0,15,4,2,0,0
331,21,5,4,0,15,4,2,0,0
332,21,5,4,0,15,4,2,0,0
333,21,5,4,0,15,4,2,0,0
334,11,1,0,0,7,4,1,0,0
335,21,5,4,0,15,4,2,0,0
336,21,5,4,0,15,4,2,0,0
337,21,5,4,0,15,4,2,0,0
338,21,5,4,0,15,4,2,0,0
339,21,5,4,0,15,4,2,0,0
340,21,5,4,0,15,4,2,0,0
341,11,1,0,0,7,4,1,0,0
342,11,1,0,0,7,4,1,0,0
343,21,5,4,0,15,4,2,0,0
344,21,5,4,0,15,4,2,0,0
345,21,5,4,0,15,4,2,0,0
346,21,5,4,0,15,4,2,0,0
347,21,5,4,0,15,4,2,0,0
348,21,5,4,0,15,4,2,0,0
349,21,5,4,0,15,4,2,0,0
350,21,5,4,0,15,4,2,0,0
351,21,5,4,0,15,4,2,0,0
352,21,5,4,0,15,4,2,0,0
353,11,1,0,0,7,4,1,0,0
354,21,5,4,0,15,4,2,0,0
355,21,5,4,0,15,4,2,0,0
356,21,5,4,0,15,4,2,0,0
357,21,5,4,0,15,4,2,0,0
358,21,5,4,0,15,4,2,0,0
359,21,5,4,0,15,4,2,0,0
360,21,5,4,0,15,4,2,0,0
361,21,5,4,0,15,4,2,0,0
362,21,5,4,0,15,4,2,0,0
363,21,5,4,0,15,4,2,0,0
364,21,5,4,0,15,4,2,0,0
365,21,5,4,0,15,4,2,0,0
366,21,5,4,0,15,4,2,0,0
367,21,5,4,0,15,4,2,0,0
368,21,5,4,0,15,4,2,0,0
369,21,5,4,0,15,4,2,0,0
370,11,1,0,0,7,4,1,0,0
371,21,5,4,0,15,4,2,0,0
372,11,1,0,0,7,4,1,0,0
373,21,5,4,0,15,4,2,0,0
374,21,5,4,0,15,4,2,0,0
375,21,5,4,0,15,4,2,0,0
376,21,5,4,0,15,4,2,0,0
377,21,5,4,0,15,4,2,0,0
378,21,5,4,0,15,4,2,0,0
379,21,5,4,0,15,4,2,0,0
380,21,5,4,0,15,4,2,0,0
381,21,5,4,0,15,4,2,0,0
382,21,5,4,0,15,4,2,0,0
383,21,5,4,0,15,4,2,0,0
384,21,5,4,0,15,4,2,0,0
385,21,5,4,0,15,4,2,0,0
386,21,5,4,0,15,4,2,0,0
387,21,5,4,0,15,4,2,0,0
388,21,5,4,0,15,5,2,0,0
389,21,5,4,0,15,5,2,0,0
390,21,5,4,0,15,5,2,0,0
391,21,5,4,0,15,5,2,0,0
392,21,5,4,0,15,5,2,0,0
393,21,5,4,0,15,5,2,0,0
394,21,5,4,0,15,5,2,0,0
395,21,5,4,0,15,5,2,0,0
396,21,5,4,0,15,5,2,0,0
397,21,5,4,0,15,5,2,0,0
398,21,5,4,0,15,5,2,0,0
399,21,5,4,0,15,5,2,0,0
400,21,5,4,0,15,5,2,0,0
401,21,5,4,0,15,5,2,0,0
402,21,5,4,0,15,5,2,0,0
403,21,5,4,0,15,5,2,0,0
404,21,5,4,0,15,5,2,0,0
405,21,5,4,0,15,5,2,0,0
406,21,5,4,0,15,5,2,0,0
407,21,5,4,0,15,5,2,0,0
408,21,5,4,0,15,5,2,0,0
409,21,5,4,0,15,5,2,0,0
410,21,5,4,0,15,5,2,0,0
411,21,5,4,0,15,5,2,0,0
412,21,5,4,0,15,5,2,0,0
413,21,5,4,0,15,5,2,0,0
414,21,5,4,0,15,5,2,0,0
415,21,5,4,0,15,5,2,0,0
416,21,5,4,0,15,5,2,0,0
417,21,5,4,0,15,5,2,0,0
418,21,5,4,0,15,5,2,0,0
419,21,5,4,0,15,5,2,0,0
420,21,5,4,0,15,5,2,0,0
421,21,5,4,0,15,5,2,0,0
